Temperature (C)	Pressure (MPa)	Density (l, kg/m3)	Volume (l, m3/kg)	Internal Energy (l, kJ/kg)	Enthalpy (l, kJ/kg)	Entropy (l, J/g*K)	Cv (l, J/g*K)	Cp (l, J/g*K)	Sound Spd. (l, m/s)	Joule-Thomson (l, K/MPa)	Viscosity (l, Pa*s)	Therm. Cond. (l, W/m*K)	Surf. Tension (l, N/m)	Density (v, kg/m3)	Volume (v, m3/kg)	Internal Energy (v, kJ/kg)	Enthalpy (v, kJ/kg)	Entropy (v, J/g*K)	Cv (v, J/g*K)	Cp (v, J/g*K)	Sound Spd. (v, m/s)	Joule-Thomson (v, K/MPa)	Viscosity (v, Pa*s)	Therm. Cond. (v, W/m*K)
1.0000000	0.00065708550	999.85099	0.0010001490	4.1760531	4.1767103	0.015260304	4.2152298	4.2165992	1407.2064	-0.24045980	0.0017312279	0.55810805	0.075507662	0.0051964579	192.43878	2376.2825	2502.7312	9.1290831	1.4192035	1.8853354	409.71719	574.21968	8.9741474e-06	0.016824161
2.0000000	0.00070598559	999.89254	0.0010001075	8.3910817	8.3917877	0.030607234	4.2129010	4.2134957	1412.0752	-0.23950837	0.0016737043	0.56058836	0.075367062	0.0055630408	179.75781	2377.6585	2504.5650	9.1026522	1.4200381	1.8863389	410.44043	556.22607	9.0029491e-06	0.016888609
3.0000000	0.00075808051	999.91707	0.0010000829	12.603120	12.603879	0.045887641	4.2104719	4.2106171	1416.8302	-0.23857592	0.0016191814	0.56301621	0.075225870	0.0059520819	168.00844	2379.0341	2506.3980	9.0764657	1.4208790	1.8873524	411.16199	538.83860	9.0318980e-06	0.016953278
4.0000000	0.00081354826	999.92513	0.0010000749	16.812386	16.813199	0.061102789	4.2079468	4.2079468	1421.4738	-0.23766155	0.0015674495	0.56539384	0.075084087	0.0063647340	157.11576	2380.4091	2508.2303	9.0505206	1.4217258	1.8883754	411.88188	522.04070	9.0609914e-06	0.017018169
5.0000000	0.00087257506	999.91724	0.0010000828	21.019078	21.019951	0.076253871	4.2053296	4.2054697	1426.0080	-0.23676441	0.0015183169	0.56772330	0.074941714	0.0068021965	147.01134	2381.7835	2510.0619	9.0248140	1.4225781	1.8894077	412.60012	505.81590	9.0902264e-06	0.017083283
6.0000000	0.00093535516	999.89388	0.0010001061	25.223384	25.224320	0.091342014	4.2026241	4.2031719	1430.4350	-0.23588370	0.0014716083	0.57000655	0.074798753	0.0072657164	137.63268	2383.1574	2511.8928	8.9993430	1.4234357	1.8904490	413.31670	490.14791	9.1196005e-06	0.017148619
7.0000000	0.0010020911	999.85552	0.0010001445	29.425477	29.426479	0.10636829	4.1998338	4.2010410	1434.7568	-0.23501865	0.0014271630	0.57224540	0.074655204	0.0077565896	128.92264	2384.5307	2513.7229	8.9741049	1.4242982	1.8914991	414.03165	475.02058	9.1491109e-06	0.017214179
8.0000000	0.0010729949	999.80258	0.0010001975	33.625516	33.626589	0.12133371	4.1969617	4.1990654	1438.9753	-0.23416854	0.0013848334	0.57444154	0.074511069	0.0082761626	120.82895	2385.9033	2515.5522	8.9490968	1.4251654	1.8925578	414.74497	460.41798	9.1787553e-06	0.017279963
9.0000000	0.0011482876	999.73549	0.0010002646	37.823653	37.824802	0.13623923	4.1940110	4.1972347	1443.0924	-0.23333271	0.0013444841	0.57659655	0.074366348	0.0088258331	113.30375	2387.2754	2517.3807	8.9243160	1.4260370	1.8936249	415.45667	446.32434	9.2085310e-06	0.017345971
10.000000	0.0012281990	999.65462	0.0010003455	42.020027	42.021256	0.15108579	4.1909844	4.1955392	1447.1101	-0.23251051	0.0013059903	0.57871194	0.074221044	0.0094070520	106.30323	2388.6468	2519.2083	8.8997599	1.4269129	1.8947003	416.16675	432.72414	9.2384356e-06	0.017412204
11.000000	0.0013129691	999.56036	0.0010004398	46.214769	46.216083	0.16587425	4.1878845	4.1939700	1451.0300	-0.23170134	0.0012692369	0.58078908	0.074075157	0.010021324	99.787212	2390.0176	2521.0351	8.8754256	1.4277928	1.8957839	416.87522	419.60209	9.2684667e-06	0.017478662
12.000000	0.0014028482	999.45305	0.0010005472	50.408001	50.409405	0.18060545	4.1847136	4.1925189	1454.8539	-0.23090463	0.0012341178	0.58282929	0.073928688	0.010670210	93.718867	2391.3877	2522.8610	8.8513107	1.4286766	1.8968754	417.58209	406.94313	9.2986219e-06	0.017545348
13.000000	0.0014980962	999.33303	0.0010006674	54.599837	54.601337	0.19528020	4.1814741	4.1911783	1458.5836	-0.23011984	0.0012005351	0.58483380	0.073781639	0.011355327	88.064395	2392.7571	2524.6860	8.8274126	1.4295642	1.8979750	418.28735	394.73249	9.3288988e-06	0.017612260
14.000000	0.0015989837	999.20061	0.0010008000	58.790385	58.791985	0.20989926	4.1781680	4.1899413	1462.2206	-0.22934646	0.0011683980	0.58680375	0.073634010	0.012078350	82.792764	2394.1258	2526.5101	8.8037286	1.4304554	1.8990826	418.99101	382.95564	9.3592952e-06	0.017679400
15.000000	0.0017057929	999.05610	0.0010009448	62.979744	62.981451	0.22446336	4.1747973	4.1888013	1465.7664	-0.22858400	0.0011376224	0.58874022	0.073485804	0.012841015	77.875465	2395.4938	2528.3332	8.7802563	1.4313502	1.9001982	419.69307	371.59835	9.3898089e-06	0.017746770
16.000000	0.0018188163	998.89979	0.0010011014	67.168008	67.169829	0.23897321	4.1713638	4.1877524	1469.2228	-0.22783201	0.0011081305	0.59064424	0.073337020	0.013645116	73.286294	2396.8610	2530.1553	8.7569932	1.4322485	1.9013219	420.39354	360.64668	9.4204376e-06	0.017814369
17.000000	0.0019383582	998.73194	0.0010012697	71.355265	71.357206	0.25342949	4.1678693	4.1867889	1472.5911	-0.22709005	0.0010798499	0.59251676	0.073187661	0.014492512	69.001148	2398.2275	2531.9764	8.7339369	1.4331503	1.9024537	421.09241	350.08698	9.4511791e-06	0.017882199
18.000000	0.0020647349	998.55283	0.0010014493	75.541599	75.543667	0.26783286	4.1643154	4.1859056	1475.8728	-0.22635770	0.0010527134	0.59435868	0.073037727	0.015385125	64.997848	2399.5932	2533.7965	8.7110849	1.4340557	1.9035937	421.78968	339.90593	9.4820314e-06	0.017950261
19.000000	0.0021982746	998.36270	0.0010016400	79.727087	79.729289	0.28218394	4.1607036	4.1850976	1479.0694	-0.22563458	0.0010266584	0.59617083	0.072887220	0.016324939	61.255971	2400.9580	2535.6155	8.6884349	1.4349647	1.9047423	422.48535	330.09048	9.5129922e-06	0.018018557
20.000000	0.0023393182	998.16180	0.0010018416	83.911801	83.914145	0.29648334	4.1570355	4.1843605	1482.1823	-0.22492030	0.0010016267	0.59795403	0.072736140	0.017314008	57.756701	2402.3221	2537.4334	8.6659845	1.4358773	1.9058994	423.17943	320.62794	9.5440596e-06	0.018087086
21.000000	0.0024882190	997.95035	0.0010020539	88.095811	88.098305	0.31073164	4.1533123	4.1836900	1485.2128	-0.22421450	0.00097756384	0.59970901	0.072584490	0.018354452	54.482696	2403.6853	2539.2502	8.6437314	1.4367937	1.9070654	423.87189	311.50589	9.5752314e-06	0.018155851
22.000000	0.0026453435	997.72858	0.0010022766	92.279182	92.281833	0.32492942	4.1495355	4.1830823	1488.1622	-0.22351686	0.00095441923	0.60143649	0.072432270	0.019448458	51.417958	2405.0476	2541.0658	8.6216733	1.4377140	1.9082404	424.56275	302.71228	9.6065058e-06	0.018224853
23.000000	0.0028110718	997.49668	0.0010025096	96.461973	96.464791	0.33907722	4.1457063	4.1825335	1491.0318	-0.22282703	0.00093214548	0.60313713	0.072279482	0.020598287	48.547727	2406.4091	2542.8802	8.5998081	1.4386383	1.9094249	425.25199	294.23535	9.6378806e-06	0.018294094
24.000000	0.0029857979	997.25488	0.0010027527	100.64424	100.64724	0.35317556	4.1418260	4.1820403	1493.8230	-0.22214470	0.00091069829	0.60481155	0.072126127	0.021806267	45.858375	2407.7696	2544.6934	8.5781333	1.4395669	1.9106191	425.93960	286.06368	9.6693541e-06	0.018363574
25.000000	0.0031699293	997.00335	0.0010030057	104.82604	104.82922	0.36722497	4.1378957	4.1815996	1496.5368	-0.22146958	0.00089003619	0.60646036	0.071972205	0.023074804	43.337313	2409.1292	2546.5054	8.5566470	1.4404999	1.9118234	426.62559	278.18615	9.7009241e-06	0.018433295
26.000000	0.0033638885	996.74229	0.0010032684	109.00743	109.01080	0.38122593	4.1339166	4.1812082	1499.1747	-0.22080138	0.00087012034	0.60808411	0.071817719	0.024406374	40.972903	2410.4878	2548.3161	8.5353468	1.4414376	1.9130381	427.30994	270.59200	9.7325889e-06	0.018503260
27.000000	0.0035681123	996.47188	0.0010035406	113.18844	113.19202	0.39517894	4.1298899	4.1808635	1501.7377	-0.22013982	0.00085091434	0.60968333	0.071662669	0.025803531	38.754386	2411.8454	2550.1254	8.5142307	1.4423802	1.9142637	427.99264	263.27076	9.7643466e-06	0.018573469
28.000000	0.0037830530	996.19228	0.0010038223	117.36913	117.37293	0.40908446	4.1258165	4.1805627	1504.2269	-0.21948463	0.00083238399	0.61125851	0.071507057	0.027268904	36.671808	2413.2020	2551.9334	8.4932966	1.4433281	1.9155006	428.67369	256.21228	9.7961953e-06	0.018643924
29.000000	0.0040091780	995.90366	0.0010041132	121.54954	121.55357	0.42294296	4.1216976	4.1803035	1506.6436	-0.21883556	0.00081449720	0.61281014	0.071350884	0.028805202	34.715952	2414.5576	2553.7400	8.4725423	1.4442815	1.9167493	429.35307	249.40674	9.8281332e-06	0.018714628
30.000000	0.0042469708	995.60618	0.0010044132	125.72971	125.73397	0.43675486	4.1175342	4.1800837	1508.9889	-0.21819237	0.00079722379	0.61433866	0.071194151	0.030415212	32.878285	2415.9121	2555.5452	8.4519659	1.4452407	1.9180103	430.03077	242.84462	9.8601586e-06	0.018785581
31.000000	0.0044969308	995.29999	0.0010047222	129.90967	129.91419	0.45052061	4.1133273	4.1799010	1511.2638	-0.21755480	0.00078053537	0.61584449	0.071036860	0.032101803	31.150898	2417.2655	2557.3489	8.4315653	1.4462062	1.9192841	430.70677	236.51672	9.8922696e-06	0.018856787
32.000000	0.0047595739	994.98524	0.0010050400	134.08947	134.09425	0.46424062	4.1090779	4.1797535	1513.4693	-0.21692265	0.00076440520	0.61732804	0.070879011	0.033867926	29.526461	2418.6178	2559.1511	8.4113384	1.4471782	1.9205712	431.38108	230.41412	9.9244646e-06	0.018928247
33.000000	0.0050354329	994.66208	0.0010053666	138.26913	138.27420	0.47791532	4.1047870	4.1796395	1515.6067	-0.21629568	0.00074880811	0.61878968	0.070720606	0.035716615	27.998174	2419.9689	2560.9518	8.3912834	1.4481572	1.9218722	432.05367	224.52823	9.9567417e-06	0.018999963
34.000000	0.0053250578	994.33063	0.0010057017	142.44870	142.45405	0.49154509	4.1004556	4.1795571	1517.6768	-0.21567367	0.00073372033	0.62022976	0.070561647	0.037650988	26.559728	2421.3189	2562.7509	8.3713982	1.4491436	1.9231878	432.72453	218.85072	9.9890993e-06	0.019071938
35.000000	0.0056290160	993.99104	0.0010060453	146.62819	146.63386	0.50513033	4.0960847	4.1795047	1519.6806	-0.21505642	0.00071911946	0.62164865	0.070402134	0.039674251	25.205265	2422.6676	2564.5484	8.3516810	1.4501378	1.9245185	433.39364	213.37357	1.0021536e-05	0.019144173
36.000000	0.0059478928	993.64342	0.0010063972	150.80765	150.81363	0.51867143	4.0916752	4.1794810	1521.6193	-0.21444373	0.00070498432	0.62304665	0.070242069	0.041789695	23.929344	2424.0151	2566.3443	8.3321298	1.4511401	1.9258649	434.06099	208.08903	1.0054049e-05	0.019216672
37.000000	0.0062822919	993.28790	0.0010067575	154.98709	154.99341	0.53216876	4.0872280	4.1794845	1523.4936	-0.21383541	0.00069129492	0.62442408	0.070081453	0.044000702	22.726910	2425.3614	2568.1384	8.3127428	1.4521512	1.9272277	434.72657	202.98965	1.0086639e-05	0.019289436
38.000000	0.0066328352	992.92460	0.0010071258	159.16654	159.17322	0.54562268	4.0827442	4.1795140	1525.3047	-0.21323125	0.00067803233	0.62578123	0.069920287	0.046310741	21.593263	2426.7063	2569.9309	8.2935180	1.4531713	1.9286075	435.39035	198.06820	1.0119302e-05	0.019362468
39.000000	0.0070001638	992.55364	0.0010075022	163.34604	163.35309	0.55903355	4.0782245	4.1795683	1527.0533	-0.21263108	0.00066517866	0.62711837	0.069758573	0.048723375	20.524030	2428.0499	2571.7215	8.2744537	1.4542011	1.9300050	436.05232	193.31776	1.0152037e-05	0.019435771
40.000000	0.0073849382	992.17512	0.0010078866	167.52559	167.53304	0.57240174	4.0736701	4.1796464	1528.7404	-0.21203471	0.00065271695	0.62843578	0.069596312	0.051242256	19.515144	2429.3922	2573.5103	8.2555481	1.4552409	1.9314210	436.71247	188.73165	1.0184843e-05	0.019509347
41.000000	0.0077878379	991.78914	0.0010082788	171.70523	171.71309	0.58572757	4.0690817	4.1797471	1530.3670	-0.21144197	0.00064063114	0.62973370	0.069433506	0.053871132	18.562818	2430.7331	2575.2973	8.2367994	1.4562912	1.9328561	437.37077	184.30343	1.0217718e-05	0.019583199
42.000000	0.0082095634	991.39583	0.0010086788	175.88498	175.89327	0.59901140	4.0644603	4.1798696	1531.9338	-0.21085269	0.00062890601	0.63101238	0.069270155	0.056613844	17.663524	2432.0725	2577.0823	8.2182057	1.4573527	1.9343110	438.02720	180.02692	1.0250661e-05	0.019657330
43.000000	0.0086508345	990.99527	0.0010090866	180.06486	180.07359	0.61225356	4.0598069	4.1800131	1533.4417	-0.21026671	0.00061752710	0.63227205	0.069106260	0.059474331	16.813976	2433.4105	2578.8655	8.1997654	1.4584256	1.9357864	438.68176	175.89615	1.0283670e-05	0.019731743
44.000000	0.0091123924	990.58756	0.0010095019	184.24489	184.25409	0.62545437	4.0551222	4.1801768	1534.8916	-0.20968385	0.00060648070	0.63351292	0.068941825	0.062456627	16.011111	2434.7471	2580.6466	8.1814767	1.4595107	1.9372832	439.33441	171.90541	1.0316743e-05	0.019806441
45.000000	0.0095949988	990.17279	0.0010099247	188.42509	188.43478	0.63861415	4.0504074	4.1803600	1536.2843	-0.20910397	0.00059575377	0.63473520	0.068776848	0.065564864	15.252072	2436.0821	2582.4257	8.1633380	1.4606083	1.9388020	439.98515	168.04920	1.0349880e-05	0.019881426
46.000000	0.010099437	989.75106	0.0010103551	192.60548	192.61568	0.65173323	4.0456631	4.1805620	1537.6206	-0.20852690	0.00058533393	0.63593910	0.068611333	0.068803275	14.534192	2437.4155	2584.2027	8.1453474	1.4617191	1.9403435	440.63394	164.32221	1.0383078e-05	0.019956703
47.000000	0.010626513	989.32245	0.0010107928	196.78607	196.79681	0.66481191	4.0408904	4.1807823	1538.9012	-0.20795250	0.00057520942	0.63712480	0.068445279	0.072176193	13.854984	2438.7474	2585.9775	8.1275035	1.4628434	1.9419086	441.28078	160.71939	1.0416336e-05	0.020032274
48.000000	0.011177053	988.88705	0.0010112378	200.96689	200.97819	0.67785050	4.0360901	4.1810203	1540.1271	-0.20738061	0.00056536901	0.63829249	0.068278690	0.075688052	13.212125	2440.0776	2587.7502	8.1098045	1.4639820	1.9434980	441.92564	157.23584	1.0449653e-05	0.020108143
49.000000	0.011751906	988.44495	0.0010116901	205.14794	205.15983	0.69084931	4.0312632	4.1812756	1541.2988	-0.20681110	0.00055580205	0.63944235	0.068111565	0.079343388	12.603445	2441.4062	2589.5207	8.0922488	1.4651352	1.9451125	442.56850	153.86689	1.0483028e-05	0.020184312
50.000000	0.012351946	987.99621	0.0010121496	209.32926	209.34176	0.70380863	4.0264104	4.1815477	1542.4173	-0.20624381	0.00054649836	0.64057454	0.067943906	0.083146843	12.026915	2442.7331	2591.2889	8.0748349	1.4663036	1.9467529	443.20934	150.60804	1.0516458e-05	0.020260786
51.000000	0.012978067	987.54092	0.0010126163	213.51085	213.52399	0.71672875	4.0215328	4.1818364	1543.4831	-0.20567862	0.00053744828	0.64168923	0.067775715	0.087103162	11.480639	2444.0583	2593.0548	8.0575610	1.4674878	1.9484198	443.84814	147.45499	1.0549942e-05	0.020337568
52.000000	0.013631188	987.07916	0.0010130900	217.69273	217.70654	0.72960998	4.0166311	4.1821411	1544.4971	-0.20511538	0.00052864255	0.64278657	0.067606993	0.091217197	10.962845	2445.3817	2594.8183	8.0404257	1.4686882	1.9501142	444.48488	144.40358	1.0583480e-05	0.020414662
53.000000	0.014312253	986.61099	0.0010135707	221.87492	221.88942	0.74245259	4.0117062	4.1824618	1545.4599	-0.20455396	0.00052007238	0.64386671	0.067437741	0.095493906	10.471872	2446.7033	2596.5794	8.0234274	1.4699055	1.9518369	445.11953	141.44986	1.0617070e-05	0.020492071
54.000000	0.015022227	986.13649	0.0010140584	226.05743	226.07266	0.75525687	4.0067590	4.1827980	1546.3722	-0.20399423	0.00051172935	0.64492980	0.067267961	0.099938357	10.006168	2448.0230	2598.3380	8.0065646	1.4711401	1.9535885	445.75209	138.59002	1.0650709e-05	0.020569799
55.000000	0.015762102	985.65573	0.0010145530	230.24027	230.25626	0.76802311	4.0017903	4.1831497	1547.2346	-0.20343606	0.00050360543	0.64597598	0.067097654	0.10455572	9.5642779	2449.3409	2600.0941	7.9898357	1.4723926	1.9553699	446.38251	135.82040	1.0684398e-05	0.020647850
56.000000	0.016532893	985.16877	0.0010150545	234.42347	234.44025	0.78075156	3.9968011	4.1835166	1548.0479	-0.20287932	0.00049569296	0.64700538	0.066926821	0.10935129	9.1448392	2450.6569	2601.8476	7.9732393	1.4736635	1.9571819	447.01080	133.13753	1.0718135e-05	0.020726227
57.000000	0.017335643	984.67567	0.0010155628	238.60703	238.62464	0.79344252	3.9917920	4.1838986	1548.8127	-0.20232390	0.00048798459	0.64801813	0.066755464	0.11433046	8.7465752	2451.9710	2603.5985	7.9567739	1.4749534	1.9590253	447.63691	130.53803	1.0751918e-05	0.020804936
58.000000	0.018171417	984.17651	0.0010160779	242.79097	242.80944	0.80609626	3.9867641	4.1842955	1549.5297	-0.20176967	0.00048047331	0.64901435	0.066583585	0.11949874	8.3682890	2453.2830	2605.3467	7.9404379	1.4762627	1.9609009	448.26084	128.01870	1.0785746e-05	0.020883979
59.000000	0.019041308	983.67134	0.0010165997	246.97531	246.99467	0.81871303	3.9817180	4.1847074	1550.1993	-0.20121650	0.00047315243	0.64999417	0.066411184	0.12486175	8.0088579	2454.5930	2607.0922	7.9242301	1.4775921	1.9628095	448.88256	125.57647	1.0819618e-05	0.020963362
60.000000	0.019946434	983.16022	0.0010171282	251.16006	251.18035	0.83129311	3.9766547	4.1851341	1550.8224	-0.20066429	0.00046601550	0.65095771	0.066238263	0.13042522	7.6672286	2455.9010	2608.8349	7.9081489	1.4789419	1.9647520	449.50204	123.20837	1.0853532e-05	0.021043088
61.000000	0.020887940	982.64320	0.0010176634	255.34524	255.36650	0.84383676	3.9715749	4.1855755	1551.3993	-0.20011291	0.00045905640	0.65190508	0.066064823	0.13619501	7.3424128	2457.2069	2610.5747	7.8921930	1.4803129	1.9667290	450.11927	120.91159	1.0887488e-05	0.021123161
62.000000	0.021866997	982.12035	0.0010182051	259.53085	259.55312	0.85634423	3.9664795	4.1860318	1551.9309	-0.19956226	0.00045226922	0.65283639	0.065890866	0.14217709	7.0334822	2458.5106	2612.3117	7.8763609	1.4817054	1.9687415	450.73423	118.68341	1.0921483e-05	0.021203586
63.000000	0.022884804	981.59172	0.0010187535	263.71692	263.74023	0.86881580	3.9613691	4.1865029	1552.4175	-0.19901222	0.00044564832	0.65375176	0.065716394	0.14837753	6.7395651	2459.8121	2614.0457	7.8606512	1.4831200	1.9707903	451.34688	116.52124	1.0955518e-05	0.021284368
64.000000	0.023942587	981.05736	0.0010193084	267.90345	267.92786	0.88125171	3.9562447	4.1869888	1552.8598	-0.19846268	0.00043918829	0.65465127	0.065541407	0.15480253	6.4598427	2461.1114	2615.7767	7.8450627	1.4845573	1.9728761	451.95722	114.42259	1.0989590e-05	0.021365511
65.000000	0.025041598	980.51732	0.0010198698	272.09047	272.11601	0.89365222	3.9511070	4.1874897	1553.2583	-0.19791353	0.00043288395	0.65553504	0.065365907	0.16145842	6.1935449	2462.4084	2617.5047	7.8295938	1.4860177	1.9749999	452.56522	112.38509	1.1023699e-05	0.021447019
66.000000	0.026183120	979.97165	0.0010204377	276.27798	276.30470	0.90601759	3.9459568	4.1880055	1553.6136	-0.19736466	0.00042673030	0.65640317	0.065189896	0.16835164	5.9399481	2463.7031	2619.2295	7.8142434	1.4875018	1.9771623	453.17085	110.40645	1.1057843e-05	0.021528897
67.000000	0.027368461	979.42041	0.0010210120	280.46600	280.49395	0.91834805	3.9407948	4.1885363	1553.9261	-0.19681598	0.00042072258	0.65725575	0.065013375	0.17548874	5.6983713	2464.9955	2620.9511	7.7990101	1.4890101	1.9793644	453.77410	108.48449	1.1092021e-05	0.021611150
68.000000	0.028598961	978.86363	0.0010215928	284.65455	284.68377	0.93064386	3.9356217	4.1890823	1554.1965	-0.19626737	0.00041485618	0.65809288	0.064836345	0.18287640	5.4681741	2466.2854	2622.6695	7.7838925	1.4905431	1.9816068	454.37494	106.61711	1.1126232e-05	0.021693783
69.000000	0.029875985	978.30136	0.0010221799	288.84364	288.87418	0.94290526	3.9304384	4.1896436	1554.4251	-0.19571873	0.00040912672	0.65891466	0.064658808	0.19052143	5.2487535	2467.5730	2624.3846	7.7688894	1.4921013	1.9838905	454.97335	104.80230	1.1160475e-05	0.021776800
70.000000	0.031200930	977.73366	0.0010227734	293.03328	293.06519	0.95513250	3.9252455	4.1902203	1554.6126	-0.19516997	0.00040352993	0.65972116	0.064480765	0.19843074	5.0395418	2468.8580	2626.0964	7.7539995	1.4936853	1.9862163	455.56930	103.03815	1.1194748e-05	0.021860207
71.000000	0.032575221	977.16055	0.0010233733	297.22349	297.25683	0.96732582	3.9200437	4.1908126	1554.7593	-0.19462098	0.00039806177	0.66051248	0.064302219	0.20661139	4.8400043	2470.1405	2627.8047	7.7392215	1.4952956	1.9885850	456.16279	101.32280	1.1229051e-05	0.021944008
72.000000	0.034000313	976.58209	0.0010239795	301.41429	301.44911	0.97948546	3.9148338	4.1914205	1554.8658	-0.19407166	0.00039271830	0.66128872	0.064123169	0.21507054	4.6496373	2471.4205	2629.5096	7.7245543	1.4969327	1.9909975	456.75377	99.654499	1.1263383e-05	0.022028208
73.000000	0.035477691	975.99831	0.0010245919	305.60569	305.64204	0.99161166	3.9096165	4.1920444	1554.9325	-0.19352192	0.00038749577	0.66204995	0.063943619	0.22381549	4.4679659	2472.6978	2631.2109	7.7099964	1.4985971	1.9934546	457.34224	98.031547	1.1297741e-05	0.022112813
74.000000	0.037008870	975.40925	0.0010252107	309.79770	309.83564	1.0037047	3.9043924	4.1926843	1554.9599	-0.19297166	0.00038239055	0.66279625	0.063763568	0.23285367	4.2945425	2473.9725	2632.9087	7.6955468	1.5002894	1.9959573	457.92817	96.452321	1.1332126e-05	0.022197828
75.000000	0.038595396	974.81496	0.0010258357	313.99034	314.02993	1.0157647	3.8991622	4.1933404	1554.9485	-0.19242079	0.00037739915	0.66352772	0.063583020	0.24219263	4.1289448	2475.2445	2634.6027	7.6812042	1.5020101	1.9985063	458.51153	94.915265	1.1366537e-05	0.022283257
76.000000	0.040238844	974.21547	0.0010264670	318.18363	318.22493	1.0277920	3.8939266	4.1940129	1554.8986	-0.19186921	0.00037251821	0.66424442	0.063401974	0.25184003	3.9707746	2476.5137	2636.2931	7.6669675	1.5037596	2.0011027	459.09231	93.418886	1.1400971e-05	0.022369107
77.000000	0.041940822	973.61081	0.0010271045	322.37758	322.42066	1.0397868	3.8886862	4.1947021	1554.8106	-0.19131683	0.00036774450	0.66494645	0.063220433	0.26180369	3.8196559	2477.7801	2637.9796	7.6528353	1.5055386	2.0037472	459.67047	91.961754	1.1435428e-05	0.022455383
78.000000	0.043702968	973.00103	0.0010277481	326.57221	326.61712	1.0517493	3.8834416	4.1954080	1554.6851	-0.19076356	0.00036307491	0.66563388	0.063038399	0.27209153	3.6752339	2479.0437	2639.6623	7.6388066	1.5073476	2.0064408	460.24601	90.542494	1.1469908e-05	0.022542089
79.000000	0.045526951	972.38615	0.0010283980	330.76753	330.81435	1.0636798	3.8781936	4.1961311	1554.5224	-0.19020931	0.00035850643	0.66630678	0.062855872	0.28271161	3.5371734	2480.3044	2641.3411	7.6248802	1.5091870	2.0091844	460.81889	89.159787	1.1504409e-05	0.022629232
80.000000	0.047414474	971.76622	0.0010290541	334.96356	335.01235	1.0755784	3.8729426	4.1968714	1554.3229	-0.18965399	0.00035403616	0.66696524	0.062672855	0.29367213	3.4051579	2481.5621	2643.0159	7.6110549	1.5110575	2.0119789	461.38909	87.812371	1.1538929e-05	0.022716816
81.000000	0.049367269	971.14126	0.0010297163	339.16032	339.21115	1.0874455	3.8676894	4.1976291	1554.0870	-0.18909750	0.00034966131	0.66760933	0.062489348	0.30498142	3.2788883	2482.8169	2644.6866	7.5973297	1.5129596	2.0148251	461.95659	86.499029	1.1573469e-05	0.022804849
82.000000	0.051387103	970.51130	0.0010303847	343.35782	343.41077	1.0992812	3.8624345	4.1984046	1553.8152	-0.18853977	0.00034537920	0.66823912	0.062305354	0.31664792	3.1580817	2484.0686	2646.3533	7.5837033	1.5148937	2.0177241	462.52137	85.218596	1.1608027e-05	0.022893334
83.000000	0.053475772	969.87638	0.0010310592	347.55608	347.61122	1.1110858	3.8571784	4.1991981	1553.5076	-0.18798070	0.00034118721	0.66885469	0.062120874	0.32868021	3.0424709	2485.3172	2648.0157	7.5701747	1.5168605	2.0206769	463.08340	83.969953	1.1642603e-05	0.022982278
84.000000	0.055635107	969.23652	0.0010317399	351.75513	351.81253	1.1228595	3.8519218	4.2000097	1553.1649	-0.18742021	0.00033708285	0.66945610	0.061935909	0.34108703	2.9318031	2486.5627	2649.6739	7.5567427	1.5188605	2.0236842	463.64267	82.752023	1.1677194e-05	0.023071687
85.000000	0.057866972	968.59176	0.0010324267	355.95496	356.01470	1.1346025	3.8466652	4.2008398	1552.7872	-0.18685821	0.00033306369	0.67004344	0.061750462	0.35387721	2.8258389	2487.8051	2651.3278	7.5434063	1.5208943	2.0267471	464.19914	81.563773	1.1711801e-05	0.023161560
86.000000	0.060173262	967.94212	0.0010331196	360.15561	360.21777	1.1463150	3.8414091	4.2016885	1552.3749	-0.18629462	0.00032912740	0.67061676	0.061564532	0.36705976	2.7243520	2489.0441	2652.9773	7.5301644	1.5229624	2.0298666	464.75279	80.404209	1.1746422e-05	0.023251915
87.000000	0.062555907	967.28763	0.0010338187	364.35709	364.42176	1.1579972	3.8361542	4.2025562	1551.9285	-0.18572935	0.00032527171	0.67117615	0.061378123	0.38064378	2.6271282	2490.2799	2654.6223	7.5170159	1.5250653	2.0330437	465.30361	79.272375	1.1781057e-05	0.023342752
88.000000	0.065016869	966.62832	0.0010345238	368.55941	368.62667	1.1696495	3.8309008	4.2034430	1551.4482	-0.18516232	0.00032149444	0.67172167	0.061191236	0.39463853	2.5339644	2491.5124	2656.2628	7.5039598	1.5272036	2.0362792	465.85156	78.167354	1.1815704e-05	0.023434077
89.000000	0.067558145	965.96421	0.0010352350	372.76260	372.83254	1.1812719	3.8256496	4.2043492	1550.9344	-0.18459344	0.00031779350	0.67225339	0.061003872	0.40905341	2.4446685	2492.7415	2657.8988	7.4909950	1.5293779	2.0395743	466.39663	77.088262	1.1850363e-05	0.023525895
90.000000	0.070181766	965.29533	0.0010359524	376.96668	377.03939	1.1928647	3.8204010	4.2052751	1550.3873	-0.18402264	0.00031416683	0.67277137	0.060816033	0.42389794	2.3590584	2493.9671	2659.5300	7.4781204	1.5315887	2.0429299	466.93879	76.034247	1.1885033e-05	0.023618214
91.000000	0.072889794	964.62170	0.0010366758	381.17166	381.24723	1.2044281	3.8151555	4.2062210	1549.8074	-0.18344983	0.00031061246	0.67327570	0.060627721	0.43918180	2.2769614	2495.1893	2661.1565	7.4653351	1.5338366	2.0463470	467.47801	75.004493	1.1919713e-05	0.023711039
92.000000	0.075684329	963.94335	0.0010374054	385.37757	385.45608	1.2159623	3.8099135	4.2071870	1549.1949	-0.18287493	0.00030712850	0.67376642	0.060438936	0.45491478	2.1982139	2496.4079	2662.7782	7.4526381	1.5361222	2.0498267	468.01428	73.998211	1.1954402e-05	0.023804376
93.000000	0.078567502	963.26029	0.0010381410	389.58441	389.66597	1.2274676	3.8046757	4.2081735	1548.5501	-0.18229786	0.00030371310	0.67424361	0.060249681	0.47110684	2.1226608	2497.6229	2664.3951	7.4400282	1.5384460	2.0533700	468.54756	73.014642	1.1989100e-05	0.023898231
94.000000	0.081541481	962.57256	0.0010388827	393.79222	393.87693	1.2389441	3.7994423	4.2091807	1547.8733	-0.18171854	0.00030036447	0.67470733	0.060059958	0.48776804	2.0501548	2498.8343	2666.0069	7.4275046	1.5408086	2.0569779	469.07784	72.053056	1.2023805e-05	0.023992610
95.000000	0.084608466	961.88017	0.0010396305	398.00100	398.08896	1.2503921	3.7942139	4.2102089	1547.1648	-0.18113688	0.00029708089	0.67515766	0.059869768	0.50490862	1.9805564	2500.0419	2667.6138	7.4150662	1.5432106	2.0606515	469.60510	71.112749	1.2058517e-05	0.024087521
96.000000	0.087770695	961.18314	0.0010403845	402.21079	402.30210	1.2618117	3.7889908	4.2112583	1546.4250	-0.18055281	0.00029386068	0.67559465	0.059679112	0.52253893	1.9137330	2501.2458	2669.2155	7.4027121	1.5456524	2.0643918	470.12930	70.193042	1.2093235e-05	0.024182968
97.000000	0.091030439	960.48149	0.0010411445	406.42159	406.51637	1.2732033	3.7837736	4.2123292	1545.6540	-0.17996625	0.00029070223	0.67601836	0.059487993	0.54066949	1.8495588	2502.4459	2670.8120	7.3904413	1.5481348	2.0681998	470.65042	69.293281	1.2127958e-05	0.024278959
98.000000	0.094390004	959.77525	0.0010419106	410.63344	410.73179	1.2845669	3.7785626	4.2134219	1544.8521	-0.17937712	0.00028760398	0.67642887	0.059296411	0.55931094	1.7879143	2503.6421	2672.4033	7.3782529	1.5506583	2.0720767	471.16845	68.412835	1.2162686e-05	0.024375499
99.000000	0.097851731	959.06443	0.0010426828	414.84635	414.94838	1.2959028	3.7733581	4.2145366	1544.0197	-0.17878534	0.00028456439	0.67682623	0.059104369	0.57847406	1.7286860	2504.8344	2673.9893	7.3661458	1.5532234	2.0760235	471.68335	67.551097	1.2197418e-05	0.024472595
100.00000	0.10141800	958.34905	0.0010434611	419.06034	419.16616	1.3072111	3.7681607	4.2156736	1543.1569	-0.17819083	0.00028158201	0.67721051	0.058911869	0.59816979	1.6717661	2506.0227	2675.5699	7.3541191	1.5558307	2.0800413	472.19510	66.707480	1.2232152e-05	0.024570254
101.00000	0.10509121	957.62913	0.0010442456	423.27543	423.38517	1.3184922	3.7629707	4.2168332	1542.2641	-0.17759350	0.00027865540	0.67758178	0.058718911	0.61840921	1.6170522	2507.2070	2677.1450	7.3421720	1.5584808	2.0841311	472.70368	65.881418	1.2266889e-05	0.024668481
102.00000	0.10887383	956.90468	0.0010450362	427.49164	427.60542	1.3297462	3.7577884	4.2180156	1541.3415	-0.17699330	0.00027578319	0.67794008	0.058525498	0.63920354	1.5644469	2508.3872	2678.7145	7.3303035	1.5611742	2.0882940	473.20906	65.072364	1.2301628e-05	0.024767284
103.00000	0.11276833	956.17572	0.0010458329	431.70900	431.82694	1.3409733	3.7526143	4.2192211	1540.3893	-0.17639012	0.00027296403	0.67828548	0.058331631	0.66056413	1.5138575	2509.5632	2680.2784	7.3185127	1.5639115	2.0925312	473.71122	64.279791	1.2336367e-05	0.024866669
104.00000	0.11677723	955.44227	0.0010466357	435.92753	436.04975	1.3521736	3.7474486	4.2204499	1539.4078	-0.17578390	0.00027019663	0.67861806	0.058137312	0.68250252	1.4651961	2510.7350	2681.8366	7.3067987	1.5666933	2.0968436	474.21014	63.503191	1.2371107e-05	0.024966643
105.00000	0.12090309	954.70434	0.0010474447	440.14724	440.27388	1.3633475	3.7422917	4.2217025	1538.3972	-0.17517456	0.00026747972	0.67893785	0.057942543	0.70503035	1.4183787	2511.9026	2683.3890	7.2951606	1.5695200	2.1012325	474.70579	62.742071	1.2405847e-05	0.025067212
106.00000	0.12514850	953.96194	0.0010482598	444.36817	444.49936	1.3744951	3.7371439	4.2229789	1537.3578	-0.17456202	0.00026481209	0.67924493	0.057747325	0.72815943	1.3733256	2513.0659	2684.9355	7.2835974	1.5723923	2.1056988	475.19815	61.995958	1.2440586e-05	0.025168382
107.00000	0.12951608	953.21510	0.0010490812	448.59032	448.72620	1.3856165	3.7320056	4.2242794	1536.2897	-0.17394619	0.00026219255	0.67953936	0.057551661	0.75190171	1.3299611	2514.2247	2686.4761	7.2721084	1.5753106	2.1102436	475.68719	61.264394	1.2475323e-05	0.025270161
108.00000	0.13400851	952.46382	0.0010499086	452.81374	452.95443	1.3967121	3.7268770	4.2256045	1535.1932	-0.17332701	0.00025961995	0.67982119	0.057355551	0.77626931	1.2882127	2515.3792	2688.0106	7.2606927	1.5782755	2.1148681	476.17289	60.546934	1.2510058e-05	0.025372555
109.00000	0.13862847	951.70812	0.0010507423	457.03843	457.18409	1.4077819	3.7217586	4.2269542	1534.0685	-0.17270440	0.00025709316	0.68009049	0.057158998	0.80127447	1.2480118	2516.5291	2689.5391	7.2493494	1.5812875	2.1195733	476.65523	59.843153	1.2544790e-05	0.025475571
110.00000	0.14337871	950.94800	0.0010515822	461.26442	461.41519	1.4188263	3.7166504	4.2283290	1532.9158	-0.17207826	0.00025461112	0.68034731	0.056962004	0.82692960	1.2092928	2517.6745	2691.0613	7.2380776	1.5843471	2.1243602	477.13418	59.152637	1.2579519e-05	0.025579215
111.00000	0.14826200	950.18349	0.0010524283	465.49173	465.64776	1.4298453	3.7115529	4.2297290	1531.7354	-0.17144854	0.00025217276	0.68059171	0.056764569	0.85324725	1.1719932	2518.8153	2692.5773	7.2268765	1.5874549	2.1292300	477.60972	58.474987	1.2614244e-05	0.025683495
112.00000	0.15328115	949.41459	0.0010532806	469.72039	469.88184	1.4408391	3.7064664	4.2311545	1530.5274	-0.17081514	0.00024977706	0.68082375	0.056566696	0.88024013	1.1360536	2519.9514	2694.0870	7.2157454	1.5906113	2.1341838	478.08182	57.809817	1.2648964e-05	0.025788417
113.00000	0.15843900	948.64131	0.0010541392	473.95042	474.11744	1.4518081	3.7013910	4.2326059	1529.2920	-0.17017798	0.00024742303	0.68104349	0.056368388	0.90792110	1.1014173	2521.0827	2695.5902	7.2046832	1.5938167	2.1392225	478.55047	57.156754	1.2683680e-05	0.025893988
114.00000	0.16373844	947.86367	0.0010550040	478.18184	478.35459	1.4627522	3.6963270	4.2340833	1528.0295	-0.16953700	0.00024510970	0.68125098	0.056169644	0.93630317	1.0680301	2522.2093	2697.0869	7.1936893	1.5970717	2.1443472	479.01564	56.515440	1.2718390e-05	0.026000215
115.00000	0.16918238	947.08167	0.0010558752	482.41469	482.59332	1.4736719	3.6912748	4.2355871	1526.7400	-0.16889211	0.00024283614	0.68144628	0.055970468	0.96539952	1.0358406	2523.3310	2698.5770	7.1827629	1.6003768	2.1495590	479.47730	55.885525	1.2753094e-05	0.026107105
116.00000	0.17477378	946.29532	0.0010567526	486.64897	486.83367	1.4845671	3.6862345	4.2371175	1525.4236	-0.16824322	0.00024060143	0.68162945	0.055770861	0.99522346	1.0047995	2524.4478	2700.0604	7.1719030	1.6037322	2.1548590	479.93544	55.266675	1.2787791e-05	0.026214665
117.00000	0.18051564	945.50463	0.0010576363	490.88473	491.07565	1.4954382	3.6812063	4.2386748	1524.0807	-0.16759027	0.00023840469	0.68180054	0.055570825	1.0257885	0.97485984	2525.5597	2701.5371	7.1611090	1.6071386	2.1602480	480.39003	54.658563	1.2822482e-05	0.026322902
118.00000	0.18641098	944.70961	0.0010585263	495.12197	495.31929	1.5062852	3.6761906	4.2402594	1522.7114	-0.16693316	0.00023624506	0.68195962	0.055370361	1.0571082	0.94597694	2526.6665	2703.0069	7.1503800	1.6105962	2.1657272	480.84104	54.060878	1.2857166e-05	0.026431822
119.00000	0.19246288	943.91027	0.0010594227	499.36073	499.56463	1.5171085	3.6711874	4.2418714	1521.3157	-0.16627182	0.00023412171	0.68210672	0.055169472	1.0891965	0.91810800	2527.7682	2704.4699	7.1397152	1.6141055	2.1712975	481.28846	53.473315	1.2891841e-05	0.026541433
120.00000	0.19867442	943.10662	0.0010603255	503.60103	503.81169	1.5279082	3.6661971	4.2435111	1519.8941	-0.16560616	0.00023203381	0.68224192	0.054968160	1.1220672	0.89121223	2528.8647	2705.9258	7.1291140	1.6176668	2.1769600	481.73227	52.895582	1.2926508e-05	0.026651741
121.00000	0.20504876	942.29865	0.0010612347	507.84290	508.06051	1.5386844	3.6612198	4.2451789	1518.4465	-0.16493611	0.00022998057	0.68236526	0.054766425	1.1557345	0.86525063	2529.9560	2707.3746	7.1185755	1.6212805	2.1827156	482.17244	52.327396	1.2961167e-05	0.026762755
122.00000	0.21158907	941.48639	0.0010621502	512.08636	512.31110	1.5494373	3.6562558	4.2468750	1516.9731	-0.16426159	0.00022796124	0.68247680	0.054564271	1.1902126	0.84018600	2531.0421	2708.8162	7.1080989	1.6249470	2.1885652	482.60894	51.768484	1.2995817e-05	0.026874480
123.00000	0.21829856	940.66982	0.0010630723	516.33144	516.56351	1.5601672	3.6513051	4.2485997	1515.4742	-0.16358250	0.00022597504	0.68257659	0.054361699	1.2255161	0.81598275	2532.1228	2710.2506	7.0976836	1.6286665	2.1945099	483.04177	51.218583	1.3030457e-05	0.026986925
124.00000	0.22518050	939.84897	0.0010640007	520.57816	520.81776	1.5708742	3.6463681	4.2503532	1513.9498	-0.16289876	0.00022402127	0.68266468	0.054158710	1.2616595	0.79260691	2533.1981	2711.6777	7.0873287	1.6324394	2.2005505	483.47089	50.677437	1.3065087e-05	0.027100095
125.00000	0.23223815	939.02383	0.0010649357	524.82656	525.07388	1.5815585	3.6414448	4.2521360	1512.4002	-0.16221030	0.00022209920	0.68274114	0.053955307	1.2986575	0.77002599	2534.2679	2713.0973	7.0770336	1.6362659	2.2066879	483.89629	50.144802	1.3099708e-05	0.027213999
126.00000	0.23947486	938.19441	0.0010658772	529.07665	529.33190	1.5922203	3.6365355	4.2539482	1510.8254	-0.16151703	0.00022020814	0.68280600	0.053751492	1.3365251	0.74820893	2535.3322	2714.5094	7.0667975	1.6401463	2.2129231	484.31795	49.620440	1.3134317e-05	0.027328644
127.00000	0.24689398	937.36071	0.0010668252	533.32846	533.59185	1.6028597	3.6316403	4.2557902	1509.2257	-0.16081886	0.00021834743	0.68285933	0.053547266	1.3752774	0.72712604	2536.3909	2715.9139	7.0566197	1.6440809	2.2192570	484.73584	49.104122	1.3168917e-05	0.027444037
128.00000	0.25449890	936.52274	0.0010677797	537.58202	537.85377	1.6134769	3.6267594	4.2576622	1507.6012	-0.16011571	0.00021651641	0.68290117	0.053342632	1.4149297	0.70674892	2537.4440	2717.3108	7.0464995	1.6480698	2.2256903	485.14994	48.595627	1.3203505e-05	0.027560184
129.00000	0.26229308	935.68050	0.0010687409	541.83736	542.11768	1.6240722	3.6218929	4.2595646	1505.9520	-0.15940749	0.00021471444	0.68293159	0.053137591	1.4554973	0.68705039	2538.4913	2718.6999	7.0364362	1.6521132	2.2322240	485.56024	48.094742	1.3238081e-05	0.027677094
130.00000	0.27027998	934.83399	0.0010697086	546.09450	546.38362	1.6346457	3.6170409	4.2614976	1504.2783	-0.15869412	0.00021294090	0.68295062	0.052932146	1.4969960	0.66800447	2539.5329	2720.0811	7.0264291	1.6562114	2.2388588	485.96672	47.601261	1.3272647e-05	0.027794773
131.00000	0.27846310	933.98321	0.0010706831	550.35348	550.65162	1.6451975	3.6122037	4.2634616	1502.5801	-0.15797550	0.00021119518	0.68295831	0.052726298	1.5394414	0.64958627	2540.5686	2721.4544	7.0164774	1.6603644	2.2455957	486.36935	47.114987	1.3307200e-05	0.027913230
132.00000	0.28684601	933.12817	0.0010716641	554.61431	554.92172	1.6557279	3.6073812	4.2654568	1500.8577	-0.15725155	0.00020947670	0.68295473	0.052520049	1.5828496	0.63177198	2541.5984	2722.8197	7.0065806	1.6645723	2.2524352	486.76811	46.635729	1.3341741e-05	0.028032470
133.00000	0.29543228	932.26887	0.0010726519	558.87703	559.19393	1.6662369	3.6025738	4.2674836	1499.1112	-0.15652217	0.00020778488	0.68293992	0.052313401	1.6272366	0.61453879	2542.6223	2724.1769	6.9967378	1.6688353	2.2593783	487.16300	46.163301	1.3376270e-05	0.028152503
134.00000	0.30422553	931.40530	0.0010736465	563.14167	563.46830	1.6767249	3.5977814	4.2695422	1497.3406	-0.15578729	0.00020611916	0.68291392	0.052106357	1.6726187	0.59786488	2543.6401	2725.5259	6.9869485	1.6731535	2.2664257	487.55398	45.697528	1.3410786e-05	0.028273334
135.00000	0.31322942	930.53748	0.0010746477	567.40825	567.74486	1.6871920	3.5930043	4.2716330	1495.5462	-0.15504680	0.00020447899	0.68287679	0.051898917	1.7190125	0.58172933	2544.6518	2726.8666	6.9772121	1.6775269	2.2735780	487.94104	45.238237	1.3445290e-05	0.028394973
136.00000	0.32244765	929.66539	0.0010756558	571.67680	572.02365	1.6976382	3.5882425	4.2737563	1493.7280	-0.15430062	0.00020286385	0.68282858	0.051691085	1.7664346	0.56611211	2545.6574	2728.1989	6.9675277	1.6819554	2.2808361	488.32416	44.785264	1.3479781e-05	0.028517425
137.00000	0.33188394	928.78904	0.0010766708	575.94736	576.30469	1.7080639	3.5834961	4.2759125	1491.8862	-0.15354865	0.00020127321	0.68276933	0.051482862	1.8149018	0.55099401	2546.6567	2729.5228	6.9578948	1.6864392	2.2882005	488.70333	44.338451	1.3514259e-05	0.028640699
138.00000	0.34154207	927.90843	0.0010776925	580.21994	580.58802	1.7184692	3.5787652	4.2781017	1490.0209	-0.15279080	0.00019970657	0.68269910	0.051274250	1.8644310	0.53635665	2547.6498	2730.8382	6.9483128	1.6909782	2.2956720	489.07852	43.897645	1.3548724e-05	0.028764802
139.00000	0.35142584	927.02355	0.0010787212	584.49458	584.87367	1.7288543	3.5740499	4.2803245	1488.1322	-0.15202698	0.00019816344	0.68261793	0.051065252	1.9150397	0.52218239	2548.6365	2732.1449	6.9387809	1.6955723	2.3032512	489.44973	43.462698	1.3583175e-05	0.028889741
140.00000	0.36153910	926.13441	0.0010797569	588.77132	589.16169	1.7392192	3.5693504	4.2825810	1486.2202	-0.15125708	0.00019664333	0.68252586	0.050855869	1.9667450	0.50845432	2549.6169	2733.4430	6.9292986	1.7002214	2.3109387	489.81692	43.033470	1.3617614e-05	0.029015525
141.00000	0.37188572	925.24101	0.0010807995	593.05017	593.45210	1.7495643	3.5646667	4.2848716	1484.2850	-0.15048101	0.00019514578	0.68242294	0.050646103	2.0195646	0.49515623	2550.5907	2734.7322	6.9198652	1.7049256	2.3187351	490.18009	42.609824	1.3652038e-05	0.029142161
142.00000	0.38246961	924.34333	0.0010818491	597.33117	597.74494	1.7598896	3.5599989	4.2871967	1482.3268	-0.14969868	0.00019367033	0.68230923	0.050435957	2.0735163	0.48227256	2551.5580	2736.0126	6.9104801	1.7096845	2.3266411	490.53922	42.191630	1.3686449e-05	0.029269656
143.00000	0.39329473	923.44138	0.0010829058	601.61434	602.04025	1.7701954	3.5553471	4.2895566	1480.3456	-0.14890999	0.00019221653	0.68218476	0.050225432	2.1286179	0.46978840	2552.5187	2737.2840	6.9011428	1.7144982	2.3346572	490.89429	41.778761	1.3720847e-05	0.029398019
144.00000	0.40436506	922.53515	0.0010839695	605.89973	606.33805	1.7804817	3.5507114	4.2919516	1478.3416	-0.14811482	0.00019078394	0.68204958	0.050014531	2.1848876	0.45768944	2553.4727	2738.5463	6.8918525	1.7193664	2.3427839	491.24528	41.371096	1.3755231e-05	0.029527257
145.00000	0.41568464	921.62464	0.0010850404	610.18736	610.63839	1.7907489	3.5460918	4.2943822	1476.3148	-0.14731310	0.00018937215	0.68190374	0.049803255	2.2423438	0.44596193	2554.4200	2739.7996	6.8826086	1.7242889	2.3510219	491.59219	40.968519	1.3789602e-05	0.029657377
146.00000	0.42725752	920.70985	0.0010861185	614.47726	614.94131	1.8009969	3.5414883	4.2968485	1474.2654	-0.14650470	0.00018798073	0.68174727	0.049591608	2.3010050	0.43459270	2555.3605	2741.0435	6.8734107	1.7292656	2.3593715	491.93498	40.570919	1.3823959e-05	0.029788389
147.00000	0.43908780	919.79077	0.0010872038	618.76946	619.24683	1.8112261	3.5369012	4.2993511	1472.1935	-0.14568953	0.00018660929	0.68158024	0.049379591	2.3608899	0.42356909	2556.2942	2742.2782	6.8642581	1.7342961	2.3678334	492.27366	40.178186	1.3858302e-05	0.029920298
148.00000	0.45117961	918.86739	0.0010882963	623.06399	623.55501	1.8214366	3.5323304	4.3018903	1470.0991	-0.14486747	0.00018525742	0.68140267	0.049167205	2.4220175	0.41287894	2557.2209	2743.5035	6.8551501	1.7393803	2.3764080	492.60819	39.790219	1.3892631e-05	0.030053114
149.00000	0.46353712	917.93972	0.0010893962	627.36089	627.86586	1.8316284	3.5277760	4.3044664	1467.9823	-0.14403844	0.00018392474	0.68121461	0.048954454	2.4844068	0.40251058	2558.1407	2744.7193	6.8460863	1.7445177	2.3850958	492.93858	39.406918	1.3926948e-05	0.030186845
150.00000	0.47616454	917.00774	0.0010905033	631.66018	632.17944	1.8418019	3.5232380	4.3070798	1465.8433	-0.14320231	0.00018261087	0.68101610	0.048741340	2.5480771	0.39245280	2559.0533	2745.9255	6.8370660	1.7497082	2.3938972	493.26479	39.028187	1.3961250e-05	0.030321498
151.00000	0.48906611	916.07145	0.0010916179	635.96191	636.49578	1.8519571	3.5187166	4.3097310	1463.6821	-0.14235898	0.00018131544	0.68080719	0.048527864	2.6130482	0.38269482	2559.9589	2747.1220	6.8280887	1.7549515	2.4028127	493.58682	38.653935	1.3995540e-05	0.030457081
152.00000	0.50224611	915.13084	0.0010927399	640.26609	640.81492	1.8620943	3.5142116	4.3124202	1461.4989	-0.14150833	0.00018003810	0.68058792	0.048314029	2.6793395	0.37322631	2560.8573	2748.3088	6.8191538	1.7602470	2.4118428	493.90466	38.284073	1.4029816e-05	0.030593602
153.00000	0.51570884	914.18590	0.0010938694	644.57277	645.13689	1.8722135	3.5097233	4.3151479	1459.2936	-0.14065026	0.00017877850	0.68035832	0.048099838	2.7469713	0.36403730	2561.7485	2749.4857	6.8102608	1.7655946	2.4209879	494.21828	37.918517	1.4064079e-05	0.030731070
154.00000	0.52945867	913.23663	0.0010950065	648.88198	649.46174	1.8823150	3.5052517	4.3179145	1457.0664	-0.13978466	0.00017753628	0.68011845	0.047885291	2.8159635	0.35511824	2562.6323	2750.6527	6.8014090	1.7709938	2.4302483	494.52767	37.557186	1.4098329e-05	0.030869493
155.00000	0.54349998	912.28301	0.0010961511	653.19375	653.78951	1.8923989	3.5007967	4.3207203	1454.8174	-0.13891139	0.00017631112	0.67986834	0.047670392	2.8863366	0.34645994	2563.5088	2751.8097	6.7925980	1.7764442	2.4396246	494.83282	37.200001	1.4132566e-05	0.031008879
156.00000	0.55783718	911.32505	0.0010973033	657.50811	658.12023	1.9024654	3.4963584	4.3235658	1452.5467	-0.13803036	0.00017510268	0.67960802	0.047455143	2.9581112	0.33805356	2564.3778	2752.9566	6.7838272	1.7819455	2.4491171	495.13371	36.846887	1.4166790e-05	0.031149236
157.00000	0.57247474	910.36273	0.0010984633	661.82510	662.45394	1.9125146	3.4919370	4.3264515	1450.2543	-0.13714143	0.00017391065	0.67933755	0.047239546	3.0313081	0.32989059	2565.2393	2754.0933	6.7750960	1.7874971	2.4587262	495.43033	36.497773	1.4201002e-05	0.031290573
158.00000	0.58741714	909.39603	0.0010996309	666.14475	666.79069	1.9225468	3.4875323	4.3293777	1447.9403	-0.13624449	0.00017273471	0.67920238	0.047023604	3.1059483	0.32196286	2566.0932	2755.2197	6.7664040	1.7930987	2.4684524	495.72267	36.152588	1.4235202e-05	0.031432897
159.00000	0.60266891	908.42496	0.0011008064	670.46710	671.13052	1.9325619	3.4831444	4.3323448	1445.6047	-0.13533942	0.00017157456	0.67897726	0.046807318	3.1820532	0.31426250	2566.9395	2756.3358	6.7577505	1.7987497	2.4782959	496.01070	35.811267	1.4269390e-05	0.031576218
160.00000	0.61823462	907.44951	0.0011019897	674.79218	675.47347	1.9425603	3.4787734	4.3353534	1443.2478	-0.13442610	0.00017042990	0.67872780	0.046590691	3.2596442	0.30678195	2567.7781	2757.4413	6.7491351	1.8044497	2.4882573	496.29442	35.473744	1.4303566e-05	0.031720544
161.00000	0.63411886	906.46965	0.0011031809	679.12002	679.81957	1.9525421	3.4744193	4.3384037	1440.8695	-0.13350439	0.00016930043	0.67846131	0.046373725	3.3387431	0.29951391	2568.6090	2758.5364	6.7405573	1.8101983	2.4983370	496.57381	35.139958	1.4337730e-05	0.031865883
162.00000	0.65032627	905.48538	0.0011043801	683.45067	684.16887	1.9625074	3.4700821	4.3414964	1438.4699	-0.13257417	0.00016818586	0.67818054	0.046156424	3.4193718	0.29245138	2569.4319	2759.6208	6.7320165	1.8159948	2.5085352	496.84886	34.809851	1.4371884e-05	0.032012245
163.00000	0.66686152	904.49669	0.0011055872	687.78415	688.52142	1.9724564	3.4657618	4.3446319	1436.0490	-0.13163531	0.00016708593	0.67788692	0.045938788	3.5015526	0.28558760	2570.2470	2760.6944	6.7235122	1.8218389	2.5188524	497.11954	34.483364	1.4406026e-05	0.032159637
164.00000	0.68372930	903.50356	0.0011068025	692.12050	692.87725	1.9823892	3.4614585	4.3478106	1433.6070	-0.13068768	0.00016600035	0.67758127	0.045720820	3.5853079	0.27891608	2571.0541	2761.7572	6.7150438	1.8277299	2.5292891	497.38586	34.160442	1.4440158e-05	0.032308069
165.00000	0.70093435	902.50599	0.0011080259	696.45976	697.23642	1.9923061	3.4571722	4.3510330	1431.1439	-0.12973114	0.00016492886	0.67726416	0.045502523	3.6706603	0.27243055	2571.8532	2762.8091	6.7066110	1.8336675	2.5398456	497.64779	33.841034	1.4474279e-05	0.032457550
166.00000	0.71848145	901.50396	0.0011092575	700.80197	701.59895	2.0022071	3.4529029	4.3542996	1428.6598	-0.12876557	0.00016387120	0.67693598	0.045283900	3.7576329	0.26612498	2572.6442	2763.8500	6.6982132	1.8396509	2.5505224	497.90531	33.525087	1.4508391e-05	0.032608088
167.00000	0.73637541	900.49746	0.0011104973	705.14716	705.96490	2.0120924	3.4486506	4.3576108	1426.1547	-0.12779081	0.00016282710	0.67659702	0.045064952	3.8462489	0.25999358	2573.4270	2764.8799	6.6898499	1.8456798	2.5613199	498.15842	33.212552	1.4542493e-05	0.032759692
168.00000	0.75462107	899.48646	0.0011117455	709.49536	710.33431	2.0219622	3.4444153	4.3609673	1423.6288	-0.12680674	0.00016179632	0.67624750	0.044845682	3.9365316	0.25403073	2574.2015	2765.8985	6.6815206	1.8517535	2.5722385	498.40710	32.903381	1.4576585e-05	0.032912372
169.00000	0.77322329	898.47097	0.0011130020	713.84663	714.70723	2.0318167	3.4401971	4.3643695	1421.0819	-0.12581321	0.00016077862	0.67588761	0.044626092	4.0285048	0.24823105	2574.9678	2766.9058	6.6732248	1.8578715	2.5832787	498.65133	32.597530	1.4610670e-05	0.033066137
170.00000	0.79218701	897.45097	0.0011142670	718.20098	719.08369	2.0416560	3.4359959	4.3678179	1418.5143	-0.12481007	0.00015977374	0.67551750	0.044406185	4.1221925	0.24258935	2575.7256	2767.9018	6.6649620	1.8640332	2.5944410	498.89109	32.294952	1.4644746e-05	0.033220996
171.00000	0.81151715	896.42643	0.0011155405	722.55847	723.46375	2.0514802	3.4318118	4.3713131	1415.9260	-0.12379718	0.00015878147	0.67513729	0.044185964	4.2176189	0.23710060	2576.4750	2768.8863	6.6567318	1.8702381	2.6057259	499.12638	31.995607	1.4678814e-05	0.033376959
172.00000	0.83121870	895.39734	0.0011168226	726.91913	727.84745	2.0612895	3.4276448	4.3748556	1413.3170	-0.12277438	0.00015780156	0.67474710	0.043965431	4.3148086	0.23175999	2577.2159	2769.8592	6.6485336	1.8764856	2.6171338	499.35718	31.699450	1.4712875e-05	0.033534034
173.00000	0.85129667	894.36370	0.0011181134	731.28300	732.23484	2.0710841	3.4234949	4.3784460	1410.6873	-0.12174154	0.00015683379	0.67434702	0.043744588	4.4137862	0.22656285	2577.9482	2770.8205	6.6403671	1.8827752	2.6286653	499.58347	31.406444	1.4746929e-05	0.033692232
174.00000	0.87175611	893.32547	0.0011194128	735.65011	736.62597	2.0808641	3.4193621	4.3820848	1408.0371	-0.12069849	0.00015587795	0.67393714	0.043523438	4.5145770	0.22150470	2578.6719	2771.7700	6.6322316	1.8891063	2.6403210	499.80523	31.116548	1.4780977e-05	0.033851562
175.00000	0.89260210	892.28265	0.0011207211	740.02052	741.02088	2.0906296	3.4152464	4.3857726	1405.3664	-0.11964507	0.00015493381	0.67351754	0.043301984	4.6172061	0.21658119	2579.3868	2772.7076	6.6241268	1.8954783	2.6521015	500.02245	30.829724	1.4815019e-05	0.034012033
176.00000	0.91383976	891.23521	0.0011220383	744.39425	745.41961	2.1003809	3.4111478	4.3895100	1402.6752	-0.11858113	0.00015400116	0.67308828	0.043080227	4.7216994	0.21178816	2580.0929	2773.6334	6.6160522	1.9018907	2.6640072	500.23512	30.545936	1.4849056e-05	0.034173657
177.00000	0.93547423	890.18314	0.0011233643	748.77135	749.82223	2.1101181	3.4070664	4.3932976	1399.9636	-0.11750650	0.00015307980	0.67264943	0.042858172	4.8280826	0.20712156	2580.7902	2774.5471	6.6080074	1.9083430	2.6760390	500.44321	30.265149	1.4883088e-05	0.034336443
178.00000	0.95751071	889.12643	0.0011246994	753.15186	754.22877	2.1198414	3.4030021	4.3971360	1397.2317	-0.11642103	0.00015216953	0.67220105	0.042635819	4.9363821	0.20257751	2581.4785	2775.4486	6.5999918	1.9148345	2.6881973	500.64670	29.987326	1.4917116e-05	0.034500400
179.00000	0.97995439	888.06504	0.0011260437	757.53581	758.63928	2.1295508	3.3989549	4.4010258	1394.4793	-0.11532453	0.00015127014	0.67174320	0.042413173	5.0466243	0.19815226	2582.1578	2776.3379	6.5920050	1.9213648	2.7004830	500.84559	29.712435	1.4951142e-05	0.034665540
180.00000	1.0028105	886.99896	0.0011273970	761.92326	763.05383	2.1392466	3.3949249	4.4049677	1391.7068	-0.11421684	0.00015038144	0.67127593	0.042190235	5.1588361	0.19384217	2582.8280	2777.2149	6.5840465	1.9279332	2.7128967	501.03986	29.440443	1.4985164e-05	0.034831873
181.00000	1.0260844	885.92818	0.0011287597	766.31424	767.47244	2.1489288	3.3909120	4.4089622	1388.9139	-0.11309779	0.00014950323	0.67079928	0.041967008	5.2730447	0.18964375	2583.4890	2778.0795	6.5761160	1.9345394	2.7254392	501.22948	29.171316	1.5019184e-05	0.034999409
182.00000	1.0497814	884.85266	0.0011301317	770.70880	771.89519	2.1585978	3.3869163	4.4130102	1386.1009	-0.11196720	0.00014863534	0.67031332	0.041743496	5.3892775	0.18555363	2584.1408	2778.9315	6.5682129	1.9411826	2.7381113	501.41444	28.905024	1.5053203e-05	0.035168158
183.00000	1.0739068	883.77240	0.0011315131	775.10697	776.32211	2.1682535	3.3829377	4.4171122	1383.2677	-0.11082489	0.00014777758	0.66981807	0.041519699	5.5075624	0.18156853	2584.7832	2779.7709	6.5603368	1.9478625	2.7509139	501.59472	28.641536	1.5087222e-05	0.035338133
184.00000	1.0984659	882.68736	0.0011329040	779.50881	780.75326	2.1778962	3.3789763	4.4212689	1380.4144	-0.10967068	0.00014692977	0.66931358	0.041295622	5.6279274	0.17768531	2585.4163	2780.5976	6.5524873	1.9545785	2.7638477	501.77030	28.380821	1.5121240e-05	0.035509343
185.00000	1.1234643	881.59753	0.0011343045	783.91434	785.18869	2.1875261	3.3750321	4.4254810	1377.5410	-0.10850437	0.00014609173	0.66879990	0.041071267	5.7504010	0.17390091	2586.0399	2781.4114	6.5446639	1.9613300	2.7769138	501.94116	28.122850	1.5155259e-05	0.035681800
186.00000	1.1489073	880.50288	0.0011357146	788.32363	789.62846	2.1971432	3.3711051	4.4297494	1374.6476	-0.10732578	0.00014526330	0.66827706	0.040846637	5.8750121	0.17021242	2586.6540	2782.2123	6.5368662	1.9681167	2.7901130	502.10729	27.867594	1.5189281e-05	0.035855515
187.00000	1.1748005	879.40339	0.0011371346	792.73671	794.07262	2.2067477	3.3671952	4.4340745	1371.7341	-0.10613472	0.00014444429	0.66774510	0.040621735	6.0017897	0.16661697	2587.2585	2783.0002	6.5290938	1.9749381	2.8034465	502.26866	27.615024	1.5223304e-05	0.036030500
188.00000	1.2011493	878.29904	0.0011385644	797.15363	798.52121	2.2163399	3.3633025	4.4384574	1368.8006	-0.10493099	0.00014363455	0.66720406	0.040396562	6.1307634	0.16311182	2587.8532	2783.7749	6.5213462	1.9817936	2.8169152	502.42525	27.365113	1.5257331e-05	0.036206766
189.00000	1.2279593	877.18980	0.0011400041	801.57443	802.97431	2.2259197	3.3594270	4.4428986	1365.8472	-0.10371438	0.00014283391	0.66665397	0.040171123	6.2619630	0.15969433	2588.4382	2784.5363	6.5136229	1.9886828	2.8305202	502.57704	27.117832	1.5291362e-05	0.036384326
190.00000	1.2552362	876.07565	0.0011414539	805.99916	807.43195	2.2354875	3.3555687	4.4473990	1362.8739	-0.10248470	0.00014204222	0.66609487	0.039945420	6.3954188	0.15636193	2589.0133	2785.2844	6.5059236	1.9956053	2.8442628	502.72401	26.873155	1.5325399e-05	0.036563190
191.00000	1.2829854	874.95657	0.0011429139	810.42786	811.89420	2.2450433	3.3517277	4.4519594	1359.8807	-0.10124173	0.00014125931	0.66552678	0.039719456	6.5311614	0.15311213	2589.5785	2786.0191	6.4982479	2.0025607	2.8581441	502.86614	26.631056	1.5359441e-05	0.036743372
192.00000	1.3112126	873.83251	0.0011443841	814.86059	816.36112	2.2545874	3.3479038	4.4565806	1356.8676	-0.099985264	0.00014048503	0.66494975	0.039493234	6.6692217	0.14994253	2590.1336	2786.7402	6.4905952	2.0095485	2.8721654	503.00341	26.391506	1.5393490e-05	0.036924884
193.00000	1.3399236	872.70347	0.0011458646	819.29738	820.83275	2.2641198	3.3440971	4.4612634	1353.8347	-0.098715085	0.00013971924	0.66436380	0.039266756	6.8096312	0.14685083	2590.6787	2787.4476	6.4829652	2.0165683	2.8863280	503.13580	26.154481	1.5427547e-05	0.037107738
194.00000	1.3691239	871.56941	0.0011473555	823.73830	825.30917	2.2736407	3.3403077	4.4660087	1350.7819	-0.097430971	0.00013896178	0.66376895	0.039040026	6.9524216	0.14383478	2591.2136	2788.1412	6.4753575	2.0236198	2.9006333	503.26327	25.919955	1.5461613e-05	0.037291947
195.00000	1.3988195	870.43031	0.0011488571	828.18337	829.79042	2.2831503	3.3365355	4.4708173	1347.7094	-0.096132698	0.00013821251	0.66316525	0.038813047	7.0976251	0.14089220	2591.7381	2788.8209	6.4677716	2.0307026	2.9150827	503.38582	25.687902	1.5495689e-05	0.037477525
196.00000	1.4290160	869.28613	0.0011503692	832.63267	834.27656	2.2926487	3.3327805	4.4756902	1344.6171	-0.094820036	0.00013747129	0.66255271	0.038585821	7.2452743	0.13802100	2592.2524	2789.4866	6.4602071	2.0378163	2.9296778	503.50341	25.458297	1.5529776e-05	0.037664485
197.00000	1.4597192	868.13685	0.0011518921	837.08622	838.76766	2.3021361	3.3290428	4.4806282	1341.5050	-0.093492752	0.00013673798	0.66193138	0.038358351	7.3954021	0.13521915	2592.7562	2790.1382	6.4526636	2.0449607	2.9444201	503.61602	25.231116	1.5563875e-05	0.037852840
198.00000	1.4909350	866.98244	0.0011534259	841.54409	843.26378	2.3116126	3.3253223	4.4856323	1338.3732	-0.092150608	0.00013601244	0.66130126	0.038130641	7.5480422	0.13248469	2593.2495	2790.7755	6.4451407	2.0521353	2.9593112	503.72363	25.006332	1.5597987e-05	0.038042605
199.00000	1.5226693	865.82287	0.0011549707	846.00633	847.76497	2.3210784	3.3216191	4.4907035	1335.2217	-0.090793360	0.00013529453	0.66066239	0.037902694	7.7032282	0.12981571	2593.7321	2791.3985	6.4376379	2.0593399	2.9743530	503.82621	24.783923	1.5632114e-05	0.038233793
200.00000	1.5549279	864.65810	0.0011565265	850.47298	852.27129	2.3305337	3.3179332	4.4958426	1332.0504	-0.089420761	0.00013458413	0.66001480	0.037674512	7.8609945	0.12721037	2594.2041	2792.0070	6.4301549	2.0665742	2.9895470	503.92373	24.563863	1.5666256e-05	0.038426418
201.00000	1.5877168	863.48811	0.0011580935	854.94410	856.78282	2.3399787	3.3142646	4.5010508	1328.8595	-0.088032558	0.00013388110	0.65935850	0.037446100	8.0213760	0.12466689	2594.6652	2792.6010	6.4226912	2.0738380	3.0048953	504.01618	24.346129	1.5700414e-05	0.038620496
202.00000	1.6210420	862.31287	0.0011596719	859.41974	861.29961	2.3494133	3.3106133	4.5063290	1325.6489	-0.086628493	0.00013318532	0.65869352	0.037217458	8.1844078	0.12218355	2595.1155	2793.1802	6.4152464	2.0811310	3.0203997	504.10352	24.130696	1.5734590e-05	0.038816042
203.00000	1.6549094	861.13234	0.0011612617	863.89995	865.82173	2.3588380	3.3069793	4.5116782	1322.4187	-0.085208302	0.00013249667	0.65801989	0.036988592	8.3501257	0.11975868	2595.5548	2793.7446	6.4078201	2.0884529	3.0360622	504.18572	23.917541	1.5768786e-05	0.039013070
204.00000	1.6893251	859.94648	0.0011628631	868.38479	870.34924	2.3682527	3.3033627	4.5170995	1319.1688	-0.083771717	0.00013181501	0.65733763	0.036759505	8.5185658	0.11739065	2595.9830	2794.2940	6.4004119	2.0958036	3.0518848	504.26276	23.706641	1.5803001e-05	0.039211596
205.00000	1.7242952	858.75527	0.0011644761	872.87431	874.88221	2.3776576	3.2997635	4.5225941	1315.8993	-0.082318464	0.00013114023	0.65664676	0.036530198	8.6897649	0.11507791	2596.4001	2794.8284	6.3930214	2.1031829	3.0678698	504.33461	23.497971	1.5837239e-05	0.039411637
206.00000	1.7598257	857.55867	0.0011661010	877.36856	879.42070	2.3870530	3.2961816	4.5281630	1312.6101	-0.080848263	0.00013047222	0.65594730	0.036300676	8.8637602	0.11281894	2596.8059	2795.3476	6.3856481	2.1105906	3.0840195	504.40124	23.291508	1.5871499e-05	0.039613208
207.00000	1.7959227	856.35664	0.0011677378	881.86761	883.96478	2.3964389	3.2926172	4.5338075	1309.3013	-0.079360828	0.00012981084	0.65523927	0.036070943	9.0405894	0.11061226	2597.2004	2795.8514	6.3782917	2.1180266	3.1003360	504.46263	23.087230	1.5905784e-05	0.039816326
208.00000	1.8325925	855.14915	0.0011693866	886.37151	888.51452	2.4058155	3.2890702	4.5395285	1305.9728	-0.077855868	0.00012915600	0.65452269	0.035841000	9.2202907	0.10845645	2597.5833	2796.3398	6.3709518	2.1254906	3.1168218	504.51874	22.885113	1.5940094e-05	0.040021009
209.00000	1.8698412	853.93616	0.0011710477	890.88031	893.06998	2.4151831	3.2855406	4.5453274	1302.6248	-0.076333084	0.00012850758	0.65379758	0.035610851	9.4029030	0.10635013	2597.9548	2796.8127	6.3636279	2.1329827	3.1334795	504.56953	22.685134	1.5974432e-05	0.040227273
210.00000	1.9076750	852.71764	0.0011727211	895.39407	897.63124	2.4245417	3.2820285	4.5512054	1299.2571	-0.074792173	0.00012786546	0.65306396	0.035380501	9.5884655	0.10429197	2598.3146	2797.2698	6.3563196	2.1405027	3.1503116	504.61499	22.487270	1.6008799e-05	0.040435136
211.00000	1.9461002	851.49354	0.0011744070	899.91286	902.19837	2.4338915	3.2785340	4.5571637	1295.8698	-0.073232824	0.00012722954	0.65232185	0.035149951	9.7770183	0.10228067	2598.6626	2797.7110	6.3490266	2.1480506	3.1673207	504.65508	22.291499	1.6043195e-05	0.040644617
212.00000	1.9851230	850.26382	0.0011761056	904.43673	906.77144	2.4432327	3.2750570	4.5632037	1292.4628	-0.071654719	0.00012659972	0.65157127	0.034919207	9.9686017	0.10031497	2598.9988	2798.1363	6.3417484	2.1556262	3.1845098	504.68977	22.097798	1.6077624e-05	0.040855735
213.00000	2.0247499	849.02845	0.0011778168	908.96574	911.35052	2.4525654	3.2715975	4.5693266	1289.0363	-0.070057534	0.00012597588	0.65081223	0.034688270	10.163257	0.098393656	2599.3230	2798.5455	6.3344846	2.1632296	3.2018816	504.71902	21.906144	1.6112086e-05	0.041068507
214.00000	2.0649870	847.78739	0.0011795410	913.49995	915.93569	2.4618898	3.2681557	4.5755338	1285.5900	-0.068440937	0.00012535793	0.65004475	0.034457144	10.361025	0.096515543	2599.6351	2798.9385	6.3272348	2.1708608	3.2194391	504.74280	21.716516	1.6146583e-05	0.041282955
215.00000	2.1058409	846.54058	0.0011812783	918.03942	920.52701	2.4712062	3.2647315	4.5818267	1282.1242	-0.066804590	0.00012474576	0.64926884	0.034225833	10.561950	0.094679488	2599.9351	2799.3150	6.3199986	2.1785197	3.2371854	504.76108	21.528890	1.6181116e-05	0.041499098
216.00000	2.1473179	845.28800	0.0011830287	922.58422	925.12456	2.4805145	3.2613250	4.5882068	1278.6387	-0.065148147	0.00012413927	0.64848453	0.033994341	10.766073	0.092884381	2600.2228	2799.6751	6.3127756	2.1862064	3.2551237	504.77382	21.343245	1.6215688e-05	0.041716956
217.00000	2.1894244	844.02960	0.0011847926	927.13442	929.72843	2.4898151	3.2579363	4.5946754	1275.1335	-0.063471254	0.00012353838	0.64769182	0.033762671	10.973438	0.091129143	2600.4981	2800.0184	6.3055653	2.1939209	3.2732573	504.78099	21.159558	1.6250300e-05	0.041936550
218.00000	2.2321669	842.76533	0.0011865699	931.69006	934.33868	2.4991080	3.2545653	4.6012341	1271.6087	-0.061773548	0.00012294297	0.64689074	0.033530826	11.184090	0.089412731	2600.7608	2800.3450	6.2983675	2.2016633	3.2915895	504.78255	20.977808	1.6284954e-05	0.042157903
219.00000	2.2755520	841.49515	0.0011883610	936.25123	938.95540	2.5083935	3.2512122	4.6078843	1268.0641	-0.060054660	0.00012235295	0.64608129	0.033298811	11.398073	0.087734130	2601.0110	2800.6546	6.2911816	2.2094336	3.3101240	504.77847	20.797972	1.6319652e-05	0.042381036
220.00000	2.3195862	840.21901	0.0011901659	940.81798	943.57867	2.5176716	3.2478769	4.6146278	1264.4999	-0.058314211	0.00012176824	0.64526348	0.033066628	11.615433	0.086092358	2601.2484	2800.9471	6.2840072	2.2172320	3.3288643	504.76870	20.620030	1.6354395e-05	0.042605972
221.00000	2.3642760	838.93686	0.0011919848	945.39038	948.20856	2.5269427	3.2445595	4.6214661	1260.9159	-0.056551814	0.00012118873	0.64443734	0.032834282	11.836216	0.084486458	2601.4730	2801.2223	6.2768440	2.2250586	3.3478141	504.75322	20.443958	1.6389185e-05	0.042832735
222.00000	2.4096280	837.64867	0.0011938179	949.96850	952.84516	2.5362068	3.2412602	4.6284008	1257.3122	-0.054767073	0.00012061435	0.64360287	0.032601776	12.060470	0.082915507	2601.6846	2801.4801	6.2696915	2.2329135	3.3669774	504.73198	20.269736	1.6424025e-05	0.043061348
223.00000	2.4556489	836.35437	0.0011956654	954.55242	957.48855	2.5454642	3.2379788	4.6354337	1253.6888	-0.052959583	0.00012004499	0.64276009	0.032369113	12.288242	0.081378603	2601.8831	2801.7203	6.2625493	2.2407969	3.3863581	504.70495	20.097342	1.6458917e-05	0.043291836
224.00000	2.5023453	835.05392	0.0011975275	959.14219	962.13882	2.5547150	3.2347156	4.6425665	1250.0455	-0.051128929	0.00011948058	0.64190900	0.032136299	12.519581	0.079874876	2602.0683	2801.9429	6.2554170	2.2487090	3.4059603	504.67207	19.926755	1.6493862e-05	0.043524224
225.00000	2.5497240	833.74727	0.0011994042	963.73789	966.79604	2.5639593	3.2314706	4.6498009	1246.3824	-0.049274686	0.00011892103	0.64104961	0.031903336	12.754536	0.078403478	2602.2403	2802.1475	6.2482942	2.2566499	3.4257884	504.63333	19.757954	1.6528862e-05	0.043758538
226.00000	2.5977916	832.43437	0.0012012959	968.33960	971.46032	2.5731974	3.2282437	4.6571389	1242.6995	-0.047396421	0.00011836625	0.64018194	0.031670228	12.993158	0.076963586	2602.3987	2802.3341	6.2411805	2.2646198	3.4458467	504.58867	19.590916	1.6563921e-05	0.043994805
227.00000	2.6465550	831.11516	0.0012032027	972.94738	976.13172	2.5824294	3.2250352	4.6645824	1238.9968	-0.045493688	0.00011781616	0.63930600	0.031436980	13.235496	0.075554401	2602.5436	2802.5025	6.2340755	2.2726191	3.4661397	504.53805	19.425623	1.6599039e-05	0.044233052
228.00000	2.6960209	829.78960	0.0012051248	977.56131	980.81036	2.5916555	3.2218451	4.6721332	1235.2741	-0.043566032	0.00011727067	0.63842179	0.031203595	13.481604	0.074175149	2602.6748	2802.6525	6.2269786	2.2806479	3.4866722	504.48143	19.262051	1.6634219e-05	0.044473309
229.00000	2.7461961	828.45762	0.0012070624	982.18147	985.49630	2.6008760	3.2186734	4.6797933	1231.5315	-0.041612986	0.00011672972	0.63752932	0.030970077	13.731534	0.072825076	2602.7921	2802.7840	6.2198896	2.2887064	3.5074489	504.41876	19.100182	1.6669464e-05	0.044715602
230.00000	2.7970875	827.11917	0.0012090156	986.80793	990.18966	2.6100909	3.2155202	4.6875649	1227.7689	-0.039634072	0.00011619320	0.63662860	0.030736430	13.985339	0.071503451	2602.8953	2802.8968	6.2128080	2.2967951	3.5284747	504.35001	18.939993	1.6704776e-05	0.044959964
231.00000	2.8487020	825.77419	0.0012109848	991.44077	994.89051	2.6193005	3.2123857	4.6954500	1223.9863	-0.037628801	0.00011566106	0.63571963	0.030502659	14.243074	0.070209563	2602.9845	2802.9906	6.2057333	2.3049141	3.5497550	504.27513	18.781465	1.6740156e-05	0.045206423
232.00000	2.9010465	824.42262	0.0012129701	996.08007	999.59895	2.6285049	3.2092698	4.7034508	1220.1837	-0.035596671	0.00011513321	0.63480243	0.030268767	14.504795	0.068942721	2603.0594	2803.0655	6.1986652	2.3130638	3.5712948	504.19407	18.624577	1.6775609e-05	0.045455013
233.00000	2.9541280	823.06442	0.0012149717	1000.7259	1004.3151	2.6377043	3.2061728	4.7115696	1216.3609	-0.033537169	0.00011460957	0.63387700	0.030034758	14.770557	0.067702254	2603.1199	2803.1210	6.1916032	2.3212446	3.5930997	504.10679	18.469309	1.6811136e-05	0.045705765
234.00000	3.0079535	821.69950	0.0012169899	1005.3784	1009.0390	2.6468990	3.2030947	4.7198085	1212.5181	-0.031449766	0.00011409007	0.63294333	0.029800637	15.040419	0.066487511	2603.1658	2803.1572	6.1845469	2.3294567	3.6151754	504.01325	18.315640	1.6846739e-05	0.045958713
235.00000	3.0625299	820.32782	0.0012190249	1010.0375	1013.7708	2.6560891	3.2000356	4.7281700	1208.6550	-0.029333923	0.00011357463	0.63200145	0.029566408	15.314438	0.065297858	2603.1971	2803.1737	6.1774959	2.3377005	3.6375275	503.91338	18.163551	1.6882422e-05	0.046213892
236.00000	3.1178644	818.94931	0.0012210768	1014.7035	1018.5106	2.6652747	3.1969956	4.7366565	1204.7718	-0.027189087	0.00011306319	0.63105134	0.029332075	15.592674	0.064132680	2603.2135	2803.1705	6.1704497	2.3459765	3.6601622	503.80715	18.013021	1.6918187e-05	0.046471338
237.00000	3.1739641	817.56390	0.0012231460	1019.3763	1023.2585	2.6744562	3.1939749	4.7452704	1200.8682	-0.025014688	0.00011255566	0.63009302	0.029097642	15.875189	0.062991378	2603.2149	2803.1472	6.1634079	2.3542850	3.6830855	503.69451	17.864032	1.6954037e-05	0.046731087
238.00000	3.2308359	816.17153	0.0012252326	1024.0561	1028.0146	2.6836337	3.1909734	4.7540145	1196.9443	-0.022810144	0.00011205199	0.62912649	0.028863114	16.162042	0.061873370	2603.2011	2803.1038	6.1563700	2.3626264	3.7063038	503.57540	17.716562	1.6989975e-05	0.046993177
239.00000	3.2884872	814.77214	0.0012273370	1028.7429	1032.7790	2.6928073	3.1879915	4.7628912	1193.0000	-0.020574858	0.00011155209	0.62815174	0.028628496	16.453298	0.060778090	2603.1720	2803.0400	6.1493356	2.3710012	3.7298237	503.44978	17.570593	1.7026003e-05	0.047257648
240.00000	3.3469251	813.36564	0.0012294594	1033.4369	1037.5518	2.7019773	3.1850291	4.7719033	1189.0353	-0.018308217	0.00011105591	0.62716878	0.028393791	16.749019	0.059704988	2603.1275	2802.9556	6.1423043	2.3794098	3.7536520	503.31759	17.426106	1.7062125e-05	0.047524539
241.00000	3.4061569	811.95198	0.0012315999	1038.1381	1042.3331	2.7111440	3.1820864	4.7810537	1185.0500	-0.016009590	0.00011056336	0.62617761	0.028159004	17.049272	0.058653530	2603.0673	2802.8504	6.1352756	2.3878527	3.7777955	503.17879	17.283081	1.7098344e-05	0.047793893
242.00000	3.4661897	810.53108	0.0012337590	1042.8466	1047.1231	2.7203074	3.1791636	4.7903452	1181.0442	-0.013678331	0.00011007440	0.62517823	0.027924140	17.354123	0.057623195	2602.9913	2802.7243	6.1282491	2.3963304	3.8022617	503.03331	17.141498	1.7134662e-05	0.048065752
243.00000	3.5270310	809.10287	0.0012359368	1047.5626	1051.9218	2.7294678	3.1762608	4.7997808	1177.0177	-0.011313778	0.00010958893	0.62417064	0.027689203	17.663638	0.056613478	2602.8994	2802.5769	6.1212243	2.4048432	3.8270577	502.88110	17.001340	1.7171084e-05	0.048340161
244.00000	3.5886879	807.66728	0.0012381336	1052.2861	1056.7293	2.7386254	3.1733782	4.8093636	1172.9706	-0.0089152496	0.00010910692	0.62315483	0.027454198	17.977888	0.055623886	2602.7913	2802.4081	6.1142007	2.4133918	3.8521914	502.72212	16.862587	1.7207611e-05	0.048617166
245.00000	3.6511680	806.22422	0.0012403497	1057.0172	1061.5459	2.7477804	3.1705158	4.8190967	1168.9026	-0.0064820457	0.00010862828	0.62213081	0.027219129	18.296943	0.054653940	2602.6670	2802.2177	6.1071779	2.4219767	3.8776706	502.55629	16.725220	1.7244249e-05	0.048896814
246.00000	3.7144785	804.77362	0.0012425855	1061.7559	1066.3715	2.7569331	3.1676739	4.8289834	1164.8137	-0.0040134481	0.00010815295	0.62109857	0.026984002	18.620873	0.053703175	2602.5261	2802.0054	6.1001555	2.4305984	3.9035034	502.38358	16.589222	1.7280999e-05	0.049179154
247.00000	3.7786270	803.31541	0.0012448411	1066.5026	1071.2064	2.7660836	3.1648527	4.8390270	1160.7039	-0.0015087185	0.00010768087	0.62005810	0.026748821	18.949753	0.052771137	2602.3686	2801.7710	6.0931329	2.4392574	3.9296984	502.20390	16.454573	1.7317866e-05	0.049464236
248.00000	3.8436209	801.84949	0.0012471168	1071.2571	1076.0505	2.7752322	3.1620522	4.8492311	1156.5731	0.0010329017	0.00010721199	0.61900941	0.026513591	19.283656	0.051857386	2602.1942	2801.5143	6.0861097	2.4479544	3.9562641	502.01722	16.321255	1.7354854e-05	0.049752113
249.00000	3.9094677	800.37579	0.0012494131	1076.0197	1080.9042	2.7843791	3.1592727	4.8595992	1152.4212	0.0036121924	0.00010674623	0.61795248	0.026278317	19.622660	0.050961492	2602.0028	2801.2351	6.0790854	2.4566898	3.9832095	501.82346	16.189251	1.7391965e-05	0.050042839
250.00000	3.9761749	798.89422	0.0012517302	1080.7904	1085.7675	2.7935245	3.1565144	4.8701349	1148.2481	0.0062299551	0.00010628353	0.61688731	0.026043004	19.966840	0.050083037	2601.7942	2800.9331	6.0720595	2.4654644	4.0105438	501.62257	16.058543	1.7429204e-05	0.050336470
251.00000	4.0437502	797.40470	0.0012540684	1085.5693	1090.6404	2.8026686	3.1537775	4.8808422	1144.0537	0.0088870140	0.00010582385	0.61581389	0.025807657	20.316278	0.049221614	2601.5681	2800.6080	6.0650316	2.4742786	4.0382767	501.41449	15.929112	1.7466575e-05	0.050633064
252.00000	4.1122012	795.90713	0.0012564280	1090.3566	1095.5233	2.8118117	3.1510621	4.8917250	1139.8379	0.011584217	0.00010536711	0.61473221	0.025572281	20.671053	0.048376829	2601.3244	2800.2597	6.0580011	2.4831331	4.0664180	501.19914	15.800941	1.7504081e-05	0.050932681
253.00000	4.1815356	794.40143	0.0012588094	1095.1524	1100.4161	2.8209540	3.1483685	4.9027873	1135.6006	0.014322436	0.00010491325	0.61364227	0.025336881	21.031248	0.047548295	2601.0629	2799.8878	6.0509675	2.4920286	4.0949778	500.97647	15.674012	1.7541727e-05	0.051235382
254.00000	4.2517609	792.88750	0.0012612130	1099.9567	1105.3191	2.8300957	3.1456969	4.9140333	1131.3417	0.017102568	0.00010446223	0.61254405	0.025101463	21.396948	0.046735637	2600.7833	2799.4921	6.0439304	2.5009656	4.1239667	500.74641	15.548309	1.7579517e-05	0.051541232
255.00000	4.3228851	791.36525	0.0012636390	1104.7698	1110.2324	2.8392371	3.1430475	4.9254675	1127.0611	0.019925536	0.00010401397	0.61143755	0.024866032	21.768239	0.045938489	2600.4855	2799.0724	6.0368893	2.5099449	4.1533956	500.50889	15.423813	1.7617456e-05	0.051850297
256.00000	4.3949158	789.83458	0.0012660879	1109.5917	1115.1560	2.8483785	3.1404206	4.9370942	1122.7588	0.022792291	0.00010356843	0.61032274	0.024630592	22.145208	0.045156496	2600.1693	2798.6283	6.0298435	2.5189670	4.1832756	500.26385	15.300509	1.7655547e-05	0.052162646
257.00000	4.4678608	788.29539	0.0012685600	1114.4225	1120.0903	2.8575200	3.1378164	4.9489181	1118.4345	0.025703812	0.00010312555	0.60919963	0.024395150	22.527946	0.044389312	2599.8344	2798.1596	6.0227927	2.5280328	4.2136185	500.01122	15.178379	1.7693795e-05	0.052478350
258.00000	4.5417281	786.74758	0.0012710557	1119.2625	1125.0353	2.8666619	3.1352351	4.9609441	1114.0882	0.028661105	0.00010268527	0.60806819	0.024159711	22.916544	0.043636597	2599.4805	2797.6661	6.0157362	2.5371428	4.2444361	499.75092	15.057407	1.7732206e-05	0.052797484
259.00000	4.6165255	785.19105	0.0012735754	1124.1116	1129.9911	2.8758045	3.1326771	4.9731770	1109.7197	0.031665208	0.00010224754	0.60692841	0.023924280	23.311097	0.042898024	2599.1076	2797.1474	6.0086736	2.5462977	4.2757408	499.48288	14.937575	1.7770783e-05	0.053120124
260.00000	4.6922610	783.62569	0.0012761195	1128.9701	1134.9580	2.8849481	3.1301426	4.9856222	1105.3290	0.034717191	0.00010181230	0.60578027	0.023688864	23.711700	0.042173272	2598.7152	2796.6032	6.0016043	2.5554984	4.3075457	499.20704	14.818868	1.7809531e-05	0.053446349
261.00000	4.7689425	782.05139	0.0012786883	1133.8380	1139.9360	2.8940928	3.1276318	4.9982848	1100.9158	0.037818155	0.00010137950	0.60462376	0.023453468	24.118453	0.041462029	2598.3033	2796.0333	5.9945277	2.5647454	4.3398638	498.92332	14.701269	1.7848457e-05	0.053776241
262.00000	4.8465781	780.46805	0.0012812824	1138.7156	1144.9254	2.9032390	3.1251452	5.0111704	1096.4801	0.040969235	0.00010094908	0.60345886	0.023218097	24.531455	0.040763991	2597.8715	2795.4374	5.9874434	2.5740396	4.3727089	498.63163	14.584762	1.7887564e-05	0.054109887
263.00000	4.9251759	778.87553	0.0012839022	1143.6029	1149.9263	2.9123870	3.1226829	5.0242847	1092.0217	0.044171602	0.00010052099	0.60228554	0.022982758	24.950809	0.040078860	2597.4196	2794.8150	5.9803506	2.5833817	4.4060954	498.33191	14.469332	1.7926859e-05	0.054447375
264.00000	5.0047438	777.27374	0.0012865480	1148.5001	1154.9389	2.9215370	3.1202453	5.0376337	1087.5406	0.047426464	0.00010009518	0.60110379	0.022747456	25.376622	0.039406349	2596.9473	2794.1660	5.9732490	2.5927724	4.4400378	498.02408	14.354962	1.7966347e-05	0.054788797
265.00000	5.0852902	775.66255	0.0012892204	1153.4073	1159.9634	2.9306893	3.1178327	5.0512234	1083.0364	0.050735064	9.9671590e-05	0.59991359	0.022512197	25.809000	0.038746174	2596.4545	2793.4900	5.9661378	2.6022125	4.4745514	497.70805	14.241636	1.8006033e-05	0.055134249
266.00000	5.1668232	774.04183	0.0012919198	1158.3248	1164.9999	2.9398442	3.1154455	5.0650603	1078.5092	0.054098687	9.9250174e-05	0.59871492	0.022276988	26.248054	0.038098063	2595.9407	2792.7867	5.9590166	2.6117028	4.5096521	497.38375	14.129340	1.8045923e-05	0.055483830
267.00000	5.2493510	772.41147	0.0012946468	1163.2526	1170.0486	2.9490020	3.1130841	5.0791509	1073.9586	0.057518658	9.8830878e-05	0.59750774	0.022041835	26.693897	0.037461746	2595.4058	2792.0557	5.9518846	2.6212442	4.5453562	497.05109	14.018058	1.8086023e-05	0.055837643
268.00000	5.3328820	770.77132	0.0012974017	1168.1909	1175.1098	2.9581629	3.1107487	5.0935021	1069.3847	0.060996346	9.8413651e-05	0.59629204	0.021806744	27.146645	0.036836964	2594.8495	2791.2967	5.9447414	2.6308373	4.5816807	496.70999	13.907774	1.8126340e-05	0.056195795
269.00000	5.4174245	769.12127	0.0013001851	1173.1398	1180.1835	2.9673274	3.1084399	5.1081210	1064.7871	0.064533162	9.7998441e-05	0.59506778	0.021571721	27.606418	0.036223461	2594.2715	2790.5093	5.9375862	2.6404830	4.6186432	496.36036	13.798475	1.8166880e-05	0.056558398
270.00000	5.5029868	767.46117	0.0013029975	1178.0996	1185.2700	2.9764956	3.1061579	5.1230150	1060.1658	0.068130564	9.7585197e-05	0.59383494	0.021336774	28.073336	0.035620990	2593.6714	2789.6932	5.9304185	2.6501821	4.6562620	496.00212	13.690143	1.8207648e-05	0.056925567
271.00000	5.5895774	765.79088	0.0013058395	1183.0704	1190.3695	2.9856679	3.1039032	5.1381917	1055.5206	0.071790058	9.7173869e-05	0.59259348	0.021101907	28.547524	0.035029308	2593.0490	2788.8480	5.9232376	2.6599355	4.6945559	495.63517	13.582766	1.8248653e-05	0.057297424
272.00000	5.6772048	764.11027	0.0013087116	1188.0524	1195.4822	2.9948447	3.1016762	5.1536591	1050.8512	0.075513201	9.6764406e-05	0.59134339	0.020867128	29.029111	0.034448178	2592.4040	2787.9734	5.9160429	2.6697441	4.7335448	495.25943	13.476327	1.8289900e-05	0.057674093
273.00000	5.7658775	762.41918	0.0013116144	1193.0457	1200.6083	3.0040263	3.0994774	5.1694255	1046.1575	0.079301601	9.6356759e-05	0.59008462	0.020632445	29.518228	0.033877372	2591.7361	2787.0688	5.9088337	2.6796086	4.7732490	494.87479	13.370814	1.8331398e-05	0.058055705
274.00000	5.8556041	760.71747	0.0013145485	1198.0505	1205.7480	3.0132129	3.0973073	5.1854995	1041.4394	0.083156920	9.5950877e-05	0.58881713	0.020397862	30.015010	0.033316664	2591.0449	2786.1341	5.9016093	2.6895300	4.8136898	494.48118	13.266210	1.8373152e-05	0.058442396
275.00000	5.9463932	759.00498	0.0013175144	1203.0670	1210.9015	3.0224050	3.0951663	5.2018899	1036.6965	0.087080876	9.5546710e-05	0.58754091	0.020163389	30.519594	0.032765835	2590.3301	2785.1686	5.8943692	2.6995092	4.8548893	494.07848	13.162503	1.8415172e-05	0.058834308
276.00000	6.0382536	757.28156	0.0013205128	1208.0955	1216.0691	3.0316029	3.0930548	5.2186062	1031.9288	0.091075249	9.5144209e-05	0.58625589	0.019929030	31.032124	0.032224671	2589.5914	2784.1721	5.8871124	2.7095470	4.8968703	493.66661	13.059677	1.8457464e-05	0.059231586
277.00000	6.1311939	755.54703	0.0013235443	1213.1361	1221.2510	3.0408070	3.0909735	5.2356580	1027.1360	0.095141875	9.4743324e-05	0.58496205	0.019694795	31.552745	0.031692964	2588.8284	2783.1441	5.8798384	2.7196445	4.9396568	493.24546	12.957718	1.8500036e-05	0.059634386
278.00000	6.2252230	753.80124	0.0013266097	1218.1889	1226.4474	3.0500175	3.0889229	5.2530554	1022.3178	0.099282660	9.4344007e-05	0.58365935	0.019460689	32.081607	0.031170509	2588.0408	2782.0842	5.8725465	2.7298024	4.9832736	492.81493	12.856614	1.8542897e-05	0.060042867
279.00000	6.3203497	752.04401	0.0013297094	1223.2543	1231.6585	3.0592350	3.0869036	5.2708089	1017.4741	0.10349957	9.3946207e-05	0.58234774	0.019226721	32.618864	0.030657107	2587.2282	2780.9919	5.8652358	2.7400219	5.0277466	492.37491	12.756349	1.8586056e-05	0.060457196
280.00000	6.4165829	750.27516	0.0013328443	1228.3324	1236.8847	3.0684597	3.0849160	5.2889294	1012.6047	0.10779465	9.3549876e-05	0.58102717	0.018992898	33.164674	0.030152565	2586.3903	2779.8667	5.8579057	2.7503039	5.0731026	491.92530	12.656910	1.8629521e-05	0.060877546
281.00000	6.5139316	748.49452	0.0013360151	1233.4234	1242.1261	3.0776921	3.0829609	5.3074283	1007.7093	0.11217001	9.3154964e-05	0.57969760	0.018759227	33.719201	0.029656694	2585.5266	2778.7083	5.8505554	2.7606493	5.1193699	491.46598	12.558284	1.8673301e-05	0.061304100
282.00000	6.6124049	746.70189	0.0013392225	1238.5276	1247.3830	3.0869326	3.0810389	5.3263176	1002.7877	0.11662784	9.2761423e-05	0.57835899	0.018525717	34.282611	0.029169307	2584.6367	2777.5160	5.8431840	2.7710592	5.1665775	490.99685	12.460457	1.8717406e-05	0.061737046
283.00000	6.7120118	744.89709	0.0013424673	1243.6451	1252.6558	3.0961815	3.0791506	5.3456096	997.83958	0.12117040	9.2369203e-05	0.57701127	0.018292374	34.855078	0.028690224	2583.7203	2776.2895	5.8357908	2.7815346	5.2147561	490.51779	12.363415	1.8761845e-05	0.062176583
284.00000	6.8127615	743.07992	0.0013457503	1248.7763	1257.9446	3.1054394	3.0772967	5.3653174	992.86476	0.12580005	9.1978256e-05	0.57565439	0.018059208	35.436778	0.028219270	2582.7770	2775.0281	5.8283749	2.7920766	5.2639375	490.02869	12.267145	1.8806629e-05	0.062622917
285.00000	6.9146631	741.25016	0.0013490722	1253.9213	1263.2497	3.1147065	3.0754779	5.3854543	987.86297	0.13051922	9.1588531e-05	0.57428831	0.017826226	36.027894	0.027756271	2581.8062	2773.7315	5.8209356	2.8026861	5.3141550	489.52942	12.171633	1.8851767e-05	0.063076263
286.00000	7.0177260	739.40763	0.0013524340	1259.0805	1268.5715	3.1239835	3.0736950	5.4060347	982.83395	0.13533044	9.1199980e-05	0.57291296	0.017593436	36.628615	0.027301059	2580.8076	2772.3989	5.8134719	2.8133645	5.3654431	489.01986	12.076868	1.8897270e-05	0.063536848
287.00000	7.1219596	737.55209	0.0013558364	1264.2540	1273.9102	3.1332707	3.0719487	5.4270731	977.77741	0.14023634	9.0812553e-05	0.57152827	0.017360848	37.239135	0.026853470	2579.7807	2771.0300	5.8059830	2.8241126	5.4178383	488.49988	11.982834	1.8943151e-05	0.064004906
288.00000	7.2273731	735.68332	0.0013592805	1269.4422	1279.2662	3.1425686	3.0702399	5.4485852	972.69308	0.14523964	9.0426201e-05	0.57013420	0.017128469	37.859652	0.026413343	2578.7250	2769.6241	5.7984679	2.8349318	5.4713784	487.96936	11.889520	1.8989419e-05	0.064480685
289.00000	7.3339762	733.80111	0.0013627671	1274.6452	1284.6397	3.1518777	3.0685693	5.4705869	967.58067	0.15034317	9.0040873e-05	0.56873067	0.016896308	38.490374	0.025980522	2577.6401	2768.1807	5.7909258	2.8458232	5.5261032	487.42817	11.796912	1.9036087e-05	0.064964443
290.00000	7.4417783	731.90520	0.0013662972	1279.8635	1290.0311	3.1611984	3.0669380	5.4930953	962.43990	0.15554985	8.9656521e-05	0.56731761	0.016664375	39.131513	0.025554851	2576.5255	2766.6991	5.7833557	2.8567879	5.5820541	486.87617	11.704997	1.9083167e-05	0.065456449
291.00000	7.5507892	729.99536	0.0013698717	1285.0972	1295.4408	3.1705313	3.0653466	5.5161280	957.27045	0.16086275	8.9273093e-05	0.56589496	0.016432677	39.783288	0.025136183	2575.3806	2765.1787	5.7757567	2.8678272	5.6392747	486.31321	11.613763	1.9130672e-05	0.065956987
292.00000	7.6610184	728.07134	0.0013734918	1290.3466	1300.8690	3.1798769	3.0637964	5.5397036	952.07202	0.16628502	8.8890539e-05	0.56446263	0.016201226	40.445925	0.024724369	2574.2050	2763.6189	5.7681276	2.8789424	5.6978105	485.73917	11.523196	1.9178615e-05	0.066466352
293.00000	7.7724758	726.13288	0.0013771584	1295.6122	1306.3161	3.1892358	3.0622881	5.5638415	946.84428	0.17181997	8.8508809e-05	0.56302056	0.015970029	41.119659	0.024319268	2572.9981	2762.0190	5.7604676	2.8901348	5.7577092	485.15389	11.433283	1.9227009e-05	0.066984855
294.00000	7.8851713	724.17970	0.0013808727	1300.8941	1311.7825	3.1986084	3.0608229	5.5885622	941.58692	0.17747103	8.8127850e-05	0.56156866	0.015739096	41.804731	0.023920738	2571.7593	2760.3784	5.7527755	2.9014057	5.8190210	484.55723	11.344012	1.9275869e-05	0.067512821
295.00000	7.9991147	722.21154	0.0013846359	1306.1927	1317.2686	3.2079954	3.0594018	5.6138869	936.29960	0.18324176	8.7747612e-05	0.56010685	0.015508438	42.501390	0.023528642	2570.4880	2758.6964	5.7450503	2.9127565	5.8817985	483.94902	11.255371	1.9325210e-05	0.068050593
296.00000	8.1143161	720.22811	0.0013884490	1311.5084	1322.7747	3.2173973	3.0580261	5.6398383	930.98196	0.18913587	8.7368043e-05	0.55863504	0.015278064	43.209894	0.023142848	2569.1838	2756.9722	5.7372909	2.9241885	5.9460969	483.32911	11.167345	1.9375047e-05	0.068598527
297.00000	8.2307856	718.22912	0.0013923134	1316.8414	1328.3013	3.2268147	3.0566968	5.6664398	925.63367	0.19515722	8.6989089e-05	0.55715315	0.015047984	43.930512	0.022763222	2567.8459	2755.2051	5.7294961	2.9357033	6.0119741	482.69735	11.079923	1.9425395e-05	0.069156999
298.00000	8.3485333	716.21425	0.0013962302	1322.1922	1333.8487	3.2362482	3.0554151	5.6937163	920.25434	0.20130984	8.6610697e-05	0.55566108	0.014818209	44.663517	0.022389638	2566.4737	2753.3944	5.7216648	2.9473023	6.0794913	482.05355	10.993091	1.9476271e-05	0.069726406
299.00000	8.4675697	714.18320	0.0014002010	1327.5612	1339.4175	3.2456986	3.0541825	5.7216940	914.84362	0.20759794	8.6232815e-05	0.55415874	0.014588749	45.409198	0.022021970	2565.0666	2751.5392	5.7137957	2.9589870	6.1487127	481.39756	10.906837	1.9527692e-05	0.070307161
300.00000	8.5879049	712.13564	0.0014042269	1332.9486	1345.0079	3.2551664	3.0530003	5.7504003	909.40111	0.21402587	8.5855388e-05	0.55264602	0.014359615	46.167850	0.021660095	2563.6239	2749.6388	5.7058876	2.9707591	6.2197058	480.72918	10.821148	1.9579677e-05	0.070899700
301.00000	8.7095496	710.07123	0.0014083094	1338.3549	1350.6206	3.2646523	3.0518699	5.7798641	903.92642	0.22059820	8.5478360e-05	0.55112283	0.014130818	46.939779	0.021303892	2562.1449	2747.6922	5.6979392	2.9826202	6.2925420	480.04825	10.736011	1.9632242e-05	0.071504482
302.00000	8.8325142	707.98963	0.0014124501	1343.7805	1356.2559	3.2741571	3.0507927	5.8101160	898.41913	0.22731969	8.5101676e-05	0.54958904	0.013902369	47.725304	0.020953245	2560.6289	2745.6988	5.6899492	2.9945719	6.3672963	479.35457	10.651414	1.9685408e-05	0.072121990
303.00000	8.9568094	705.89047	0.0014166504	1349.2258	1361.9144	3.2836814	3.0497704	5.8411882	892.87884	0.23419532	8.4725279e-05	0.54804456	0.013674280	48.524756	0.020608038	2559.0752	2743.6574	5.6819163	3.0066160	6.4440479	478.64795	10.567343	1.9739195e-05	0.072752732
304.00000	9.0824461	703.77338	0.0014209119	1354.6912	1367.5966	3.2932260	3.0488045	5.8731146	887.30511	0.24123026	8.4349113e-05	0.54648927	0.013446563	49.338476	0.020268157	2557.4829	2741.5673	5.6738389	3.0187544	6.5228807	477.92818	10.483786	1.9793624e-05	0.073397242
305.00000	9.2094349	701.63797	0.0014252364	1360.1773	1373.3029	3.3027917	3.0478969	5.9059311	881.69749	0.24842994	8.3973118e-05	0.54492303	0.013219229	50.166820	0.019933494	2555.8512	2739.4275	5.6657158	3.0309888	6.6038829	477.19506	10.400729	1.9848716e-05	0.074056084
306.00000	9.3377870	699.48385	0.0014296256	1365.6845	1379.0340	3.3123793	3.0470492	5.9396757	876.05552	0.25580004	8.3597235e-05	0.54334575	0.012992291	51.010158	0.019603938	2554.1795	2737.2369	5.6575453	3.0433212	6.6871482	476.44839	10.318160	1.9904493e-05	0.074729853
307.00000	9.4675134	697.31058	0.0014340812	1371.2132	1384.7904	3.3219896	3.0462636	5.9743885	870.37873	0.26334649	8.3221405e-05	0.54175727	0.012765761	51.868874	0.019279385	2552.4666	2734.9945	5.6493259	3.0557537	6.7727756	475.68793	10.236065	1.9960981e-05	0.075419176
308.00000	9.5986254	695.11774	0.0014386052	1376.7640	1390.5726	3.3316235	3.0455418	6.0101122	864.66662	0.27107549	8.2845565e-05	0.54015747	0.012539653	52.743367	0.018959730	2550.7119	2732.6993	5.6410560	3.0682883	6.8608699	474.91346	10.154432	2.0018203e-05	0.076124715
309.00000	9.7311341	692.90489	0.0014431995	1382.3373	1396.3813	3.3412818	3.0448861	6.0468917	858.91869	0.27899356	8.2469652e-05	0.53854621	0.012313979	53.634052	0.018644872	2548.9144	2730.3501	5.6327339	3.0809271	6.9515423	474.12474	10.073246	2.0076185e-05	0.076847168
310.00000	9.8650512	690.67155	0.0014478662	1387.9339	1402.2171	3.3509656	3.0442986	6.0847750	853.13440	0.28710751	8.2093603e-05	0.53692334	0.012088753	54.541362	0.018334709	2547.0730	2727.9459	5.6243579	3.0936724	7.0449109	473.32153	9.9924950	2.0134954e-05	0.077587275
311.00000	10.000388	688.41723	0.0014526075	1393.5541	1408.0807	3.3606757	3.0437817	6.1238130	847.31321	0.29542450	8.1717352e-05	0.53528872	0.011863989	55.465747	0.018029145	2545.1869	2725.4853	5.6159263	3.1065266	7.1411009	472.50358	9.9121649	2.0194539e-05	0.078345816
312.00000	10.137157	686.14144	0.0014574255	1399.1986	1413.9727	3.3704132	3.0433379	6.1640596	841.45455	0.30395203	8.1340831e-05	0.53364220	0.011639700	56.407679	0.017728083	2543.2549	2722.9673	5.6074371	3.1194921	7.2402457	471.67062	9.8322420	2.0254969e-05	0.079123617
313.00000	10.275369	683.84364	0.0014623226	1404.8680	1419.8939	3.3801790	3.0429698	6.2055724	835.55781	0.31269799	8.0963973e-05	0.53198361	0.011415902	57.367645	0.017431428	2541.2761	2720.3904	5.5988885	3.1325715	7.3424869	470.82238	9.7527126	2.0316275e-05	0.079921553
314.00000	10.415036	681.52329	0.0014673013	1410.5629	1425.8449	3.3899744	3.0426801	6.2484129	829.62239	0.32167069	8.0586707e-05	0.53031280	0.011192610	58.346159	0.017139089	2539.2492	2717.7534	5.5902784	3.1457673	7.4479758	469.95858	9.6735627	2.0378489e-05	0.080740551
315.00000	10.556171	679.17982	0.0014723641	1416.2840	1431.8266	3.3998003	3.0424718	6.2926464	823.64761	0.33087883	8.0208960e-05	0.52862958	0.010969838	59.343755	0.016850973	2537.1731	2715.0548	5.5816047	3.1590825	7.5568733	469.07892	9.5947781	2.0441645e-05	0.081581593
316.00000	10.698785	676.81263	0.0014775138	1422.0321	1437.8397	3.4096581	3.0423480	6.3383431	817.63280	0.34033163	7.9830657e-05	0.52693379	0.010747602	60.360990	0.016566991	2535.0466	2712.2933	5.5728654	3.1725198	7.6693515	468.18310	9.5163445	2.0505780e-05	0.082445721
317.00000	10.842892	674.42111	0.0014827531	1427.8077	1443.8851	3.4195488	3.0423119	6.3855777	811.57723	0.35003877	7.9451724e-05	0.52522525	0.010525919	61.398449	0.016287056	2532.8684	2709.4672	5.5640581	3.1860824	7.7855940	467.27079	9.4382473	2.0570931e-05	0.083334041
318.00000	10.988504	672.00459	0.0014880851	1433.6117	1449.9636	3.4294738	3.0423670	6.4344306	805.48014	0.36001049	7.9072080e-05	0.52350377	0.010304805	62.456744	0.016011081	2530.6372	2706.5750	5.5551804	3.1997733	7.9057977	466.34167	9.3604718	2.0637137e-05	0.084247727
319.00000	11.135633	669.56241	0.0014935128	1439.4449	1456.0761	3.4394345	3.0425171	6.4849878	799.34073	0.37025759	7.8691643e-05	0.52176917	0.010084277	63.536514	0.015738981	2528.3516	2703.6151	5.5462301	3.2135961	8.0301732	465.39539	9.2830028	2.0704439e-05	0.085188030
320.00000	11.284293	667.09385	0.0014990395	1445.3080	1462.2236	3.4494321	3.0427660	6.5373421	793.15813	0.38079152	7.8310331e-05	0.52002123	0.0098643535	64.638432	0.015470672	2526.0102	2700.5858	5.5372044	3.2275542	8.1589463	464.43158	9.2058252	2.0772882e-05	0.086156277
321.00000	11.434496	664.59816	0.0015046686	1451.2020	1468.4072	3.4594682	3.0431181	6.5915932	786.93142	0.39162439	7.7928055e-05	0.51825977	0.0096450515	65.763203	0.015206072	2523.6114	2697.4852	5.5281007	3.2416513	8.2923599	463.44988	9.1289231	2.0842510e-05	0.087153883
322.00000	11.586257	662.07458	0.0015104039	1457.1278	1474.6277	3.4695443	3.0435777	6.6478485	780.65964	0.40276906	7.7544724e-05	0.51648458	0.0094263901	66.911565	0.014945100	2521.1537	2694.3114	5.5189163	3.2558914	8.4306748	462.44987	9.0522808	2.0913374e-05	0.088182356
323.00000	11.739587	659.52227	0.0015162490	1463.0862	1480.8863	3.4796620	3.0441496	6.7062246	774.34173	0.41423919	7.7160246e-05	0.51469544	0.0092083884	68.084297	0.014687675	2518.6354	2691.0626	5.5096482	3.2702786	8.5741723	461.43115	8.9758820	2.0985524e-05	0.089243305
324.00000	11.894502	656.94037	0.0015222082	1469.0783	1487.1843	3.4898230	3.0448391	6.7668473	767.97656	0.42604931	7.6774522e-05	0.51289214	0.0089910663	69.282218	0.014433718	2516.0547	2687.7366	5.5002933	3.2848172	8.7231554	460.39328	8.8997099	2.1059014e-05	0.090338445
325.00000	12.051015	654.32798	0.0015282855	1475.1052	1493.5226	3.5000290	3.0456515	6.8298534	761.56291	0.43821490	7.6387450e-05	0.51107446	0.0087744442	70.506188	0.014183152	2513.4099	2684.3313	5.4908485	3.2995120	8.8779515	459.33580	8.8237477	2.1133901e-05	0.091469612
326.00000	12.209140	651.68415	0.0015344857	1481.1680	1499.9027	3.5102820	3.0465928	6.8953915	755.09947	0.45075248	7.5998923e-05	0.50924218	0.0085585433	71.757117	0.013935900	2510.6991	2680.8444	5.4813104	3.3143678	9.0389150	458.25823	8.7479776	2.1210247e-05	0.092638766
327.00000	12.368891	649.00785	0.0015408134	1487.2677	1506.3259	3.5205839	3.0476694	6.9636237	748.58479	0.46367973	7.5608830e-05	0.50739506	0.0083433854	73.035963	0.013691885	2507.9201	2677.2735	5.4716755	3.3293899	9.2064298	457.16007	8.6723819	2.1288114e-05	0.093848008
328.00000	12.530284	646.29803	0.0015472738	1493.4057	1512.7935	3.5309367	3.0488881	7.0347271	742.01732	0.47701558	7.5217054e-05	0.50553288	0.0081289932	74.343739	0.013451032	2505.0709	2673.6161	5.4619400	3.3445839	9.3809125	456.04078	8.5969419	2.1367573e-05	0.095099589
329.00000	12.693332	643.55355	0.0015538722	1499.5833	1519.3071	3.5413428	3.0502564	7.1088958	735.39535	0.49078035	7.4823472e-05	0.50365541	0.0079153900	75.681515	0.013213266	2502.1492	2669.8696	5.4521000	3.3599557	9.5628165	454.89980	8.5216388	2.1448694e-05	0.096395924
330.00000	12.858052	640.77322	0.0015606145	1505.8019	1525.8683	3.5518043	3.0517823	7.1863425	728.71702	0.50499588	7.4427952e-05	0.50176242	0.0077026000	77.050426	0.012978514	2499.1527	2666.0311	5.4421514	3.3755117	9.7526355	453.73653	8.4464527	2.1531554e-05	0.097739608
331.00000	13.024457	637.95575	0.0015675068	1512.0628	1532.4788	3.5623239	3.0534746	7.2673020	721.98029	0.51968572	7.4030359e-05	0.49985369	0.0074906484	78.451674	0.012746701	2496.0789	2662.0978	5.4320898	3.3912587	9.9509086	452.55033	8.3713634	2.1616237e-05	0.099133431
332.00000	13.192565	635.09978	0.0015745557	1518.3678	1539.1402	3.5729042	3.0553426	7.3520330	715.18290	0.53487528	7.3630547e-05	0.49792899	0.0072795613	79.886534	0.012517754	2492.9252	2658.0665	5.4219106	3.4072040	10.158226	451.34054	8.2963499	2.1702829e-05	0.10058040
333.00000	13.362391	632.20388	0.0015817682	1524.7184	1545.8546	3.5835479	3.0573969	7.4408220	708.32241	0.55059207	7.3228360e-05	0.49598810	0.0070693658	81.356363	0.012291602	2489.6887	2653.9338	5.4116090	3.4233555	10.375233	450.10645	8.2213903	2.1791424e-05	0.10208375
334.00000	13.533950	629.26647	0.0015891519	1531.1165	1552.6240	3.5942582	3.0596489	7.5339871	701.39609	0.56686590	7.2823633e-05	0.49403082	0.0068600900	82.862605	0.012068170	2486.3664	2649.6964	5.4011798	3.4397217	10.602642	448.84729	8.1464619	2.1882121e-05	0.10364698
335.00000	13.707261	626.28590	0.0015967148	1537.5639	1559.4505	3.6050381	3.0621108	7.6318823	694.40095	0.58372916	7.2416194e-05	0.49205695	0.0066517632	84.406799	0.011847387	2482.9553	2645.3505	5.3906173	3.4563117	10.841235	447.56227	8.0715411	2.1975027e-05	0.10527388
336.00000	13.882339	623.26038	0.0016044659	1544.0628	1566.3365	3.6158913	3.0647967	7.7349031	687.33371	0.60121712	7.2005851e-05	0.49006632	0.0064444160	85.990587	0.011629180	2479.4519	2640.8921	5.3799159	3.4731356	11.091876	446.25050	7.9966033	2.2070258e-05	0.10696855
337.00000	14.059202	620.18796	0.0016124144	1550.6153	1573.2845	3.6268214	3.0677216	7.8434921	680.19073	0.61936823	7.1592402e-05	0.48805878	0.0062380803	87.615727	0.011413476	2475.8527	2636.3171	5.3690693	3.4902040	11.355522	444.91107	7.9216226	2.2167935e-05	0.10873544
338.00000	14.237867	617.06657	0.0016205707	1557.2238	1580.2973	3.6378326	3.0709024	7.9581466	672.96802	0.63822455	7.1175627e-05	0.48603420	0.0060327893	89.284100	0.011200202	2472.1539	2631.6209	5.3580708	3.5075288	11.633237	443.54298	7.8465720	2.2268192e-05	0.11057938
339.00000	14.418353	613.89394	0.0016289459	1563.8910	1587.3777	3.6489291	3.0743578	8.0794269	665.66117	0.65783210	7.0755290e-05	0.48399251	0.0058285779	90.997728	0.010989285	2468.3514	2626.7988	5.3469133	3.5251227	11.926204	442.14516	7.7714231	2.2371171e-05	0.11250564
340.00000	14.600677	610.66760	0.0016375521	1570.6196	1594.5290	3.6601157	3.0781088	8.2079662	658.26537	0.67824137	7.0331134e-05	0.48193368	0.0056254824	92.758783	0.010780650	2464.4408	2621.8456	5.3355892	3.5429998	12.235745	440.71646	7.6961457	2.2477027e-05	0.11451997
341.00000	14.784859	607.38488	0.0016464025	1577.4127	1601.7546	3.6713976	3.0821790	8.3444825	650.77531	0.69950787	6.9902881e-05	0.47985775	0.0054235410	94.569604	0.010574222	2460.4174	2616.7558	5.3240902	3.5611756	12.563345	439.25564	7.6207082	2.2585927e-05	0.11662867
342.00000	14.970918	604.04284	0.0016555117	1584.2737	1609.0582	3.6827804	3.0865946	8.4897923	643.18516	0.72169262	6.9470224e-05	0.47776482	0.0052227939	96.432720	0.010369924	2456.2761	2611.5234	5.3124076	3.5796670	12.910670	437.76135	7.5450769	2.2698051e-05	0.11883863
343.00000	15.158873	600.63826	0.0016648956	1591.2061	1616.4440	3.6942703	3.0913856	8.6448272	635.48858	0.74486293	6.9032832e-05	0.47565513	0.0050232832	98.350866	0.010167679	2452.0115	2606.1421	5.3005319	3.5984928	13.279604	436.23211	7.4692159	2.2813598e-05	0.12115743
344.00000	15.348745	597.16763	0.0016745717	1598.2140	1623.9166	3.7058742	3.0965856	8.8106539	627.67864	0.76909300	6.8590337e-05	0.47352902	0.0048250533	100.32701	0.0099674055	2447.6177	2600.6049	5.2884527	3.6176739	13.672283	434.66634	7.3930871	2.2932782e-05	0.12359345
345.00000	15.540554	593.62703	0.0016845594	1605.3018	1631.4808	3.7175993	3.1022333	8.9884973	619.74781	0.79446482	6.8142339e-05	0.47138700	0.0046281511	102.36438	0.0097690228	2443.0883	2594.9043	5.2761588	3.6372334	14.091140	433.06228	7.3166493	2.3055838e-05	0.12615594
346.00000	15.734321	590.01218	0.0016948803	1612.4743	1639.1421	3.7294540	3.1083726	9.1797689	611.68794	0.82106896	6.7688393e-05	0.46922978	0.0044326262	104.46651	0.0095724460	2438.4162	2589.0322	5.2636381	3.6571973	14.538956	431.41802	7.2398584	2.3183023e-05	0.12885515
347.00000	15.930069	586.31830	0.0017055582	1619.7370	1646.9066	3.7414474	3.1150540	9.3861012	603.49026	0.84900561	6.7228009e-05	0.46705833	0.0042385309	106.63724	0.0093775872	2433.5940	2582.9796	5.2508773	3.6775946	15.018930	429.73145	7.1626665	2.3314620e-05	0.13170253
348.00000	16.127818	582.54010	0.0017166200	1627.0957	1654.7810	3.7535895	3.1223355	9.6093881	595.14535	0.87838554	6.6760646e-05	0.46487393	0.0040459211	108.88081	0.0091843551	2428.6132	2576.7368	5.2378619	3.6984582	15.534757	428.00025	7.0850217	2.3450942e-05	0.13471084
349.00000	16.327592	578.67169	0.0017280956	1634.5570	1662.7727	3.7658916	3.1302843	9.8518351	586.64321	0.90933124	6.6285703e-05	0.46267828	0.0038548559	111.20188	0.0089926538	2423.4647	2570.2931	5.2245759	3.7198251	16.090734	426.22184	7.0068673	2.3592334e-05	0.13789445
350.00000	16.529415	574.70652	0.0017400186	1642.1284	1670.8899	3.7783661	3.1389784	10.116020	577.97327	0.94197806	6.5802514e-05	0.46047356	0.0036653988	113.60561	0.0088023822	2418.1385	2563.6367	5.2110016	3.7417376	16.691884	424.39334	6.9281409	2.3739179e-05	0.14126954
351.00000	16.733310	570.63723	0.0017524268	1649.8180	1679.1419	3.7910270	3.1485085	10.404965	569.12450	0.97647542	6.5310336e-05	0.45826261	0.0034776172	116.09773	0.0086134328	2412.6233	2556.7545	5.1971194	3.7642441	17.344119	422.51153	6.8487737	2.3891909e-05	0.14485447
352.00000	16.939303	566.45564	0.0017653633	1657.6350	1687.5390	3.8038898	3.1589807	10.722229	560.08554	1.0129879	6.4808348e-05	0.45604903	0.0032915837	118.68463	0.0084256909	2406.9066	2549.6319	5.1829075	3.7873999	18.054450	420.57281	6.7686892	2.4051002e-05	0.14867017
353.00000	17.147418	562.15255	0.0017788766	1665.5896	1696.0927	3.8169720	3.1705191	11.072020	550.84492	1.0516965	6.4295635e-05	0.45383746	0.0031073765	121.37347	0.0082390325	2400.9746	2542.2527	5.1683414	3.8112695	18.831253	418.57307	6.6878016	2.4217002e-05	0.15274065
354.00000	17.357682	557.71768	0.0017930219	1673.6932	1704.8159	3.8302931	3.1832697	11.459328	541.39134	1.0927993	6.3771182e-05	0.45163378	0.0029250797	124.17234	0.0080533232	2394.8115	2534.5985	5.1533938	3.8359277	19.684624	416.50768	6.6060143	2.4390521e-05	0.15709367
355.00000	17.570123	553.13952	0.0018078622	1681.9588	1713.7232	3.8438751	3.1974038	11.890102	531.71412	1.1365121	6.3233864e-05	0.44944543	0.0027447849	127.09040	0.0078684150	2388.3995	2526.6486	5.1380332	3.8614626	20.626841	414.37128	6.5232173	2.4572261e-05	0.16176153
356.00000	17.784768	548.40515	0.0018234694	1690.4007	1722.8307	3.8577426	3.2131231	12.371459	521.80377	1.1830688	6.2682436e-05	0.44728184	0.0025665915	130.13811	0.0076841440	2381.7185	2518.3792	5.1222241	3.8879781	21.672999	412.15774	6.4392846	2.4763025e-05	0.16678217
357.00000	18.001647	543.50018	0.0018399258	1699.0351	1732.1568	3.8719232	3.2306645	12.911967	511.65281	1.2327207	6.2115531e-05	0.44515487	0.0023906084	133.32753	0.0075003266	2374.7451	2509.7633	5.1059255	3.9155984	22.841861	409.85987	6.3540704	2.4963746e-05	0.17220055
358.00000	18.220791	538.40853	0.0018573257	1707.8800	1741.7219	3.8864479	3.2503052	13.522004	501.25685	1.2857349	6.1531646e-05	0.44307939	0.0022169550	136.67262	0.0073167544	2367.4523	2500.7693	5.0890898	3.9444731	24.157055	407.46926	6.2674040	2.5175510e-05	0.17807056
359.00000	18.442232	533.11229	0.0018757774	1716.9557	1751.5492	3.9013517	3.2723677	14.214246	490.61591	1.3423926	6.0929144e-05	0.44107398	0.0020457636	140.18978	0.0071331877	2359.8084	2491.3603	5.0716610	3.9747846	25.648757	404.97590	6.1790836	2.5399601e-05	0.18445752
360.00000	18.666007	527.59163	0.0018954054	1726.2850	1761.6646	3.9166736	3.2972233	15.004384	479.73612	1.4029865	6.0306250e-05	0.43916187	0.0018771815	143.89841	0.0069493470	2351.7759	2481.4925	5.0535730	4.0067578	27.356132	402.36774	6.0888678	2.5637552e-05	0.19144172
361.00000	18.892152	521.82450	0.0019163531	1735.8934	1772.0974	3.9324580	3.3252937	15.912198	468.63141	1.4678194	5.9661047e-05	0.43737208	0.0017113734	147.82181	0.0067649017	2343.3099	2471.1135	5.0347462	4.0406738	29.330950	399.63009	5.9964638	2.5891215e-05	0.19912339
362.00000	19.120709	515.78632	0.0019387874	1745.8102	1782.8812	3.9487554	3.3570485	16.963353	457.32493	1.5372085	5.8991459e-05	0.43574147	0.0015485260	151.98832	0.0065794529	2334.3557	2460.1595	5.0150836	4.0768899	31.643091	396.74472	5.9015114	2.6162870e-05	0.20762986
363.00000	19.351727	509.44925	0.0019629041	1756.0691	1794.0547	3.9656245	3.3929992	18.192549	445.84918	1.6115021	5.8295201e-05	0.43431815	0.0013888522	156.43304	0.0063925115	2324.8454	2448.5515	4.9944649	4.1158679	34.389191	393.68864	5.8035601	2.6455372e-05	0.21712623
364.00000	19.585257	502.78062	0.0019889390	1766.7109	1805.6648	3.9831359	3.4336930	19.649326	434.24294	1.6911246	5.7569658e-05	0.43316828	0.0012325978	161.20024	0.0062034647	2314.6935	2436.1900	4.9727384	4.1582171	37.706719	390.43213	5.7020372	2.6772373e-05	0.22783168
365.00000	19.821364	495.73968	0.0020171877	1777.7874	1817.7708	4.0013796	3.4797201	21.409127	422.54229	1.7766716	5.6811611e-05	0.43238934	0.0010800507	166.34707	0.0060115276	2303.7900	2422.9467	4.9497081	4.2047601	41.797898	386.93591	5.5961995	2.7118674e-05	0.24004535
366.00000	20.060120	488.27106	0.0020480427	1789.3694	1830.4534	4.0204780	3.5317706	23.594757	410.76177	1.8690881	5.6016703e-05	0.43213532	0.00093155342	171.94926	0.0058156690	2291.9891	2408.6521	4.9251151	4.2566390	46.972409	383.14646	5.4850619	2.7500777e-05	0.25418911
367.00000	20.301611	480.29241	0.0020820650	1801.5611	1843.8303	4.0406113	3.5908148	26.419178	398.86124	1.9699675	5.5178452e-05	0.43266280	0.00078752175	178.11041	0.0056144950	2279.0925	2393.0758	4.8986062	4.3154906	53.728408	378.98830	5.3672863	2.7927840e-05	0.27088196
368.00000	20.545938	471.67141	0.0021201200	1814.5263	1858.0861	4.0620620	3.6585684	30.275587	386.69304	2.0820196	5.4286560e-05	0.43441448	0.00064847352	184.97775	0.0054060557	2264.8200	2375.8925	4.8696832	4.3837557	62.918211	374.35032	5.2410028	2.8413364e-05	0.29107764
369.00000	20.793214	462.18310	0.0021636447	1828.5373	1873.5265	4.0853000	3.7385940	35.945858	373.91929	2.2098019	5.3324068e-05	0.43817755	0.00051507517	192.77095	0.0051875036	2248.7582	2356.6230	4.8376111	4.4652591	76.121199	369.05993	5.1035091	2.8978473e-05	0.31634065
370.00000	21.043563	451.42565	0.0022152042	1844.0715	1890.6872	4.1111501	3.8389622	45.155176	359.87103	2.3609732	5.2262547e-05	0.44542118	0.00038822368	201.83932	0.0049544361	2230.2593	2334.5183	4.8012396	4.5664022	96.597620	362.82908	4.9507323	2.9658852e-05	0.34946215
371.00000	21.297108	438.63778	0.0022797854	1862.0213	1910.5742	4.1411617	3.9793150	62.350748	343.27877	2.5487644	5.1053572e-05	0.45916079	0.00026920673	212.79015	0.0046994657	2208.2205	2308.3055	4.7586132	4.6989536	132.21323	355.12613	4.7761796	3.0521520e-05	0.39606197
372.00000	21.553947	422.25967	0.0023682110	1884.2109	1935.2552	4.1785216	4.2121790	102.14899	321.80123	2.7969231	4.9613218e-05	0.48687737	0.00016007129	226.83853	0.0044084222	2180.4973	2275.5162	4.7059353	4.8881478	207.39534	344.80135	4.5685373	3.1714404e-05	0.46992106
373.00000	21.814167	398.68122	0.0025082697	1914.9557	1969.6716	4.2308435	4.6972832	243.77711	291.99948	3.1447914	4.7806371e-05	0.55844567	6.4757394e-05	247.21866	0.0040450021	2141.5764	2229.8147	4.6334484	5.2103026	450.73452	328.42228	4.3032028	3.3688387e-05	0.62245165
