Temperature (C)	Pressure (MPa)	Density (l, kg/m3)	Volume (l, m3/kg)	Internal Energy (l, kJ/kg)	Enthalpy (l, kJ/kg)	Entropy (l, J/g*K)	Cv (l, J/g*K)	Cp (l, J/g*K)	Sound Spd. (l, m/s)	Joule-Thomson (l, K/MPa)	Viscosity (l, Pa*s)	Therm. Cond. (l, W/m*K)	Surf. Tension (l, N/m)	Density (v, kg/m3)	Volume (v, m3/kg)	Internal Energy (v, kJ/kg)	Enthalpy (v, kJ/kg)	Entropy (v, J/g*K)	Cv (v, J/g*K)	Cp (v, J/g*K)	Sound Spd. (v, m/s)	Joule-Thomson (v, K/MPa)	Viscosity (v, Pa*s)	Therm. Cond. (v, W/m*K)
45.806329	0.010000000	989.83328	0.0010102711	191.79584	191.80594	0.64919561	4.0465842	4.1805214	1537.3661	-0.20863845	0.00058732854	0.63570736	0.068643430	0.068165722	14.670130	2437.1574	2583.8587	8.1488202	1.4615029	1.9400432	440.50844	165.03417	1.0376644e-05	0.019942101
79.599087	0.046650000	972.01536	0.0010287903	333.28123	333.32922	1.0708119	3.8750481	4.1965725	1554.4073	-0.18987676	0.00035581674	0.66670299	0.062746288	0.28923650	3.4573783	2481.0582	2642.3449	7.6165856	1.5103038	2.0108523	461.16081	88.348409	1.1525087e-05	0.022681649
94.577118	0.083300000	962.17353	0.0010393136	396.22106	396.30763	1.2455544	3.7964242	4.2097715	1547.4683	-0.18138314	0.00029846163	0.67496886	0.059950253	0.49760101	2.0096422	2499.5317	2666.9349	7.4203159	1.5421900	2.0590899	469.38250	71.507836	1.2043837e-05	0.024047320
104.77153	0.11995000	954.87333	0.0010472593	439.18304	439.30866	1.3607969	3.7434691	4.2214142	1538.6307	-0.17531406	0.00026809608	0.67886591	0.057987082	0.69983077	1.4289169	2511.6362	2683.0348	7.2978129	1.5688702	2.1002229	474.59284	62.914627	1.2397910e-05	0.025044182
112.64656	0.15660000	948.91512	0.0010538350	472.45522	472.62025	1.4479341	3.7031835	4.2320899	1529.7318	-0.17040361	0.00024825033	0.68096723	0.056438527	0.89805820	1.1135136	2520.6834	2695.0596	7.2085852	1.5926782	2.1374318	478.38523	57.386210	1.2671411e-05	0.025856601
119.12817	0.19325000	943.80751	0.0010595381	499.90411	500.10886	1.5184940	3.6705471	4.2420800	1521.1350	-0.16618675	0.00023385214	0.68212471	0.055143694	1.0933654	0.91460734	2527.9090	2704.6568	7.1383530	1.6145590	2.1720181	481.34555	53.398726	1.2896285e-05	0.026555531
124.67148	0.22990000	939.29538	0.0010646278	523.43070	523.67546	1.5780510	3.6430607	4.2515471	1512.9120	-0.16243700	0.00022272718	0.68271730	0.054022174	1.2864078	0.77735849	2533.9170	2712.6318	7.0804092	1.6350029	2.2046609	483.75695	50.318858	1.3088335e-05	0.027176499
129.53602	0.26655000	935.22728	0.0010692588	544.11903	544.40404	1.6297425	3.6192903	4.2605969	1505.0579	-0.15902576	0.00021376030	0.68294320	0.053027520	1.4776245	0.67676192	2539.0503	2719.4412	7.0310653	1.6543031	2.2357677	485.77860	47.829320	1.3256610e-05	0.027740076
133.88459	0.30320000	931.50518	0.0010735313	562.64938	562.97488	1.6755156	3.5983338	4.2693030	1497.5462	-0.15587239	0.00020631009	0.68291749	0.052130272	1.6673298	0.59976138	2543.5229	2725.3706	6.9880756	1.6726523	2.2656070	487.50905	45.750950	1.3406804e-05	0.028259348
137.82647	0.33985000	928.06155	0.0010775147	579.47836	579.84456	1.7166650	3.5795850	4.2777194	1490.3463	-0.15292274	0.00019997674	0.68271207	0.051310479	1.8557592	0.53886302	2547.4779	2730.6105	6.9499719	1.6901865	2.2943677	489.01370	43.973715	1.3542744e-05	0.028743206
141.43875	0.37650000	924.84767	0.0010812591	594.92821	595.33530	1.7540970	3.5626168	4.2858875	1483.4287	-0.15013854	0.00019449573	0.68237438	0.050553947	2.0430957	0.48945333	2551.0159	2735.2951	6.9157416	1.7070068	2.3221904	490.33816	42.425676	1.3667138e-05	0.029197994
144.77800	0.41315000	921.82714	0.0010848021	609.23532	609.68351	1.7884713	3.5471159	4.2938395	1476.7667	-0.14749165	0.00018968379	0.68193703	0.049850190	2.2294854	0.44853401	2554.2103	2739.5221	6.8846568	1.7231915	2.3491834	491.51553	41.057456	1.3781973e-05	0.029628414
147.88700	0.44980000	918.97195	0.0010881725	622.57859	623.06805	1.8202837	3.5328461	4.3016015	1470.3369	-0.14496071	0.00018540921	0.68142326	0.049191223	2.4150472	0.41407058	2557.1165	2743.3655	6.8561771	1.7388031	2.3754334	492.57060	39.833824	1.3888753e-05	0.030038061
150.79895	0.48645000	916.26004	0.0010913932	635.09684	635.62775	1.8499169	3.5196243	4.3091949	1464.1184	-0.14252912	0.00018157443	0.68085002	0.048570813	2.5998802	0.38463311	2559.7774	2746.8822	6.8298902	1.7538931	2.4010110	493.52241	38.728824	1.3988647e-05	0.030429746
153.54016	0.52310000	913.67368	0.0010944827	646.90011	647.47264	1.8776721	3.5073059	4.3166374	1458.0933	-0.14018364	0.00017810537	0.68023003	0.047983992	2.7840677	0.35918666	2562.2268	2750.1173	6.8054743	1.7685047	2.4259756	494.38592	37.722821	1.4082581e-05	0.030805722
156.13186	0.55975000	911.19841	0.0010974558	658.07720	658.69150	1.9037915	3.4957745	4.3239440	1452.2456	-0.13791360	0.00017494457	0.67957294	0.047426735	2.9676810	0.33696344	2564.4918	2753.1071	6.7826736	1.7826747	2.4503775	495.17307	36.800626	1.4171302e-05	0.031167816
158.59144	0.59640000	908.82223	0.0011003252	668.70084	669.35707	1.9284722	3.4849351	4.3311276	1446.5615	-0.13571019	0.00017204666	0.67907295	0.046895725	3.1507816	0.31738157	2566.5947	2755.8811	6.7612813	1.7964350	2.4742601	495.89354	35.950254	1.4255424e-05	0.031517542
160.93334	0.63305000	906.53510	0.0011031012	678.83144	679.52975	1.9518772	3.4747090	4.3381991	1441.0287	-0.13356609	0.00016937525	0.67847954	0.046388199	3.3334229	0.29999194	2568.5538	2758.4637	6.7411279	1.8098136	2.4976613	496.55532	35.162094	1.4335453e-05	0.031856163
163.16967	0.66970000	904.32849	0.0011057929	688.51971	689.26026	1.9741428	3.4650305	4.3451682	1435.6362	-0.13147514	0.00016690073	0.67783588	0.045901827	3.5156522	0.28444224	2570.3845	2760.8755	6.7220728	1.8228351	2.5206148	497.16504	34.428322	1.4411818e-05	0.032184749
165.31074	0.70635000	902.19510	0.0011084077	697.80872	698.59165	1.9953843	3.4558438	4.3520433	1430.3743	-0.12943208	0.00016459874	0.67716336	0.045434624	3.6975112	0.27045219	2572.0999	2763.1338	6.7039978	1.8355218	2.5431504	497.72828	33.742489	1.4484880e-05	0.032504214
167.36533	0.74300000	900.12863	0.0011109523	706.73532	707.56076	2.0156999	3.4471013	4.3588318	1425.2344	-0.12743239	0.00016244900	0.67647054	0.044984884	3.8790371	0.25779594	2573.7109	2765.2533	6.6868031	1.8478935	2.5652947	498.24978	33.099216	1.4554949e-05	0.032815345
169.34105	0.77965000	898.12361	0.0011134325	715.33133	716.19942	2.0351741	3.4387624	4.3655404	1420.2086	-0.12547217	0.00016043448	0.67576252	0.044551128	4.0602632	0.24628946	2575.2272	2767.2468	6.6704031	1.8599680	2.5870719	498.73360	32.493970	1.4622292e-05	0.033118829
171.24452	0.81630000	896.17522	0.0011158532	723.62443	724.53530	2.0538801	3.4307913	4.3721749	1415.2899	-0.12354801	0.00015854073	0.67504280	0.044132069	4.2412196	0.23578124	2576.6570	2769.1252	6.6547243	1.8717618	2.6085039	499.18323	31.922899	1.4687143e-05	0.033415263
173.08151	0.85295000	894.27924	0.0011182190	731.63885	732.59263	2.0718818	3.4231574	4.3787408	1410.4721	-0.12165690	0.00015675544	0.67431398	0.043726573	4.4219336	0.22614541	2578.0076	2770.8983	6.6397028	1.8832897	2.6296108	499.60171	31.382698	1.4749704e-05	0.033705176
174.85713	0.88960000	892.43192	0.0011205337	739.39592	740.39275	2.0892353	3.4158334	4.3852427	1405.7492	-0.11979621	0.00015506799	0.67357808	0.043333641	4.6024301	0.21727652	2579.2852	2772.5744	6.6252829	1.8945655	2.6504107	499.99170	30.870515	1.4810156e-05	0.033989037
176.57589	0.92625000	890.62991	0.0011228008	746.91455	747.95455	2.1059902	3.4087953	4.3916851	1401.1161	-0.11796358	0.00015346920	0.67283672	0.042952385	4.7827317	0.20908553	2580.4956	2774.1610	6.6114157	1.9056017	2.6709207	500.35551	30.383870	1.4868655e-05	0.034267261
178.24180	0.96290000	888.87021	0.0011250236	754.21157	755.29485	2.1221903	3.4020219	4.3980718	1396.5680	-0.11615691	0.00015195107	0.67209121	0.042582011	4.9628592	0.20149675	2581.6436	2775.6648	6.5980579	1.9164100	2.6911563	500.69522	29.920591	1.4925344e-05	0.034540222
179.85845	0.99955000	887.15015	0.0011272049	761.30201	762.42870	2.1378749	3.3954943	4.4044065	1392.1005	-0.11437432	0.00015050659	0.67134264	0.042221809	5.1428319	0.19444540	2582.7336	2777.0915	6.5851713	1.9270012	2.7111317	501.01264	29.478768	1.4980348e-05	0.034808256
181.42907	1.0362000	885.46728	0.0011293472	768.19938	769.36961	2.1530791	3.3891954	4.4106925	1387.7094	-0.11261411	0.00014912959	0.67059191	0.041871140	5.3226674	0.18787572	2583.7698	2778.4466	6.5727216	1.9373853	2.7308605	501.30941	29.056712	1.5033781e-05	0.035071665
182.95657	1.0728500	883.81941	0.0011314529	774.91588	776.12976	2.1678344	3.3831102	4.4169329	1383.3912	-0.11087475	0.00014781463	0.66983977	0.041529425	5.5023822	0.18173947	2584.7555	2779.7347	6.5606783	1.9475716	2.7503551	501.58699	28.652921	1.5085744e-05	0.035330725
184.44357	1.1095000	882.20453	0.0011335240	781.46252	782.72017	2.1821693	3.3772247	4.4231304	1379.1423	-0.10915484	0.00014655685	0.66908686	0.041196139	5.6819915	0.17599463	2585.6941	2780.9602	6.5490139	1.9575689	2.7696271	501.84667	28.266055	1.5136330e-05	0.035585686
185.89247	1.1461500	880.62082	0.0011355625	787.84933	789.15086	2.1961097	3.3715265	4.4292877	1374.9596	-0.10745311	0.00014535192	0.66833372	0.040870804	5.8615096	0.17060452	2586.5884	2782.1268	6.5377035	1.9673853	2.7886873	502.08965	27.894911	1.5185622e-05	0.035836775
187.30544	1.1828000	879.06659	0.0011375702	794.08542	795.43094	2.2096789	3.3660044	4.4354071	1370.8402	-0.10576840	0.00014419598	0.66758081	0.040552986	6.0409496	0.16553689	2587.4412	2783.2382	6.5267247	1.9770284	2.8075460	502.31699	27.538409	1.5233697e-05	0.036084203
188.68448	1.2194500	877.54033	0.0011395488	800.17914	801.56876	2.2228984	3.3606480	4.4414909	1366.7813	-0.10409965	0.00014308556	0.66682851	0.040242283	6.2203242	0.16076333	2588.2547	2784.2975	6.5160572	1.9865055	2.8262127	502.52966	27.195573	1.5280624e-05	0.036328161
190.03139	1.2561000	876.04060	0.0011414996	806.13811	807.57195	2.2357877	3.3554479	4.4475412	1362.7803	-0.10244588	0.00014201751	0.66607717	0.039938331	6.3996449	0.15625867	2589.0312	2785.3077	6.5056823	1.9958232	2.8446964	502.72855	26.865517	1.5326467e-05	0.036568826
191.34786	1.2927500	874.56612	0.0011434241	811.96937	813.44754	2.2483647	3.3503955	4.4535600	1358.8348	-0.10080620	0.00014098900	0.66532707	0.039640792	6.5789227	0.15200057	2589.7727	2786.2715	6.4955832	2.0049878	2.8630056	502.91445	26.547438	1.5371284e-05	0.036806361
192.63543	1.3294000	873.11567	0.0011453236	817.67938	819.20198	2.2606459	3.3454829	4.4595490	1354.9427	-0.099179757	0.00013999745	0.66457845	0.039349353	6.7581679	0.14796910	2590.4811	2787.1913	6.4857443	2.0140054	2.8811482	503.08810	26.240603	1.5415130e-05	0.037040918
193.89552	1.3660500	871.68813	0.0011471993	823.27411	824.84124	2.2726465	3.3407028	4.4655099	1351.1018	-0.097565794	0.00013904053	0.66383152	0.039063727	6.9373905	0.14414642	2591.1581	2788.0694	6.4761513	2.0228816	2.8991319	503.25018	25.944342	1.5458054e-05	0.037272637
195.12945	1.4027000	870.28248	0.0011490522	828.75909	830.37086	2.2843804	3.3360484	4.4714445	1347.3102	-0.095963592	0.00013811611	0.66308646	0.038783647	7.1165995	0.14051655	2591.8053	2788.9079	6.4667912	2.0316217	2.9169638	503.40132	25.658043	1.5500101e-05	0.037501649
196.33844	1.4393500	868.89775	0.0011508834	834.13943	835.79595	2.2958608	3.3315136	4.4773541	1343.5660	-0.094372485	0.00013722223	0.66234342	0.038508864	7.2958037	0.13706509	2592.4241	2789.7087	6.4576518	2.0402308	2.9346505	503.54208	25.381141	1.5541315e-05	0.037728074
197.52362	1.4760000	867.53302	0.0011526939	839.41989	841.12127	2.3070995	3.3270925	4.4832402	1339.8676	-0.092791853	0.00013635711	0.66160253	0.038239148	7.4750115	0.13377906	2593.0158	2790.4737	6.4487219	2.0487137	2.9521987	503.67299	25.113118	1.5581735e-05	0.037952028
198.68605	1.5126500	866.18748	0.0011544845	844.60492	846.35125	2.3181078	3.3227799	4.4891041	1336.2132	-0.091221115	0.00013551911	0.66086391	0.037974284	7.6542307	0.13064670	2593.5817	2791.2045	6.4399913	2.0570748	2.9696143	503.79455	24.853495	1.5621398e-05	0.038173614
199.82671	1.5493000	864.86032	0.0011562561	849.69864	851.49002	2.3288960	3.3185707	4.4949472	1332.6014	-0.089659729	0.00013470670	0.66012764	0.037714071	7.8334689	0.12765736	2594.1231	2791.9026	6.4314502	2.0653185	2.9869031	503.90720	24.601830	1.5660338e-05	0.038392935
200.94653	1.5859500	863.55081	0.0011580095	854.70490	856.54145	2.3394739	3.3144603	4.5007705	1329.0307	-0.088107188	0.00013391851	0.65939381	0.037458319	8.0127333	0.12480136	2594.6408	2792.5696	6.4230898	2.0734489	3.0040707	504.01136	24.357713	1.5698587e-05	0.038610081
202.04636	1.6226000	862.25826	0.0011597453	859.62733	861.50913	2.3498505	3.3104445	4.5065754	1325.4996	-0.086563013	0.00013315324	0.65866249	0.037206854	8.1920306	0.12206986	2595.1361	2793.2067	6.4149017	2.0814698	3.0211223	504.10744	24.120765	1.5736175e-05	0.038825143
203.12701	1.6592500	860.98202	0.0011614644	864.46931	866.39647	2.3600342	3.3065190	4.5123627	1322.0070	-0.085026757	0.00013240970	0.65793372	0.036959508	8.3713674	0.11945480	2595.6098	2793.8152	6.4068782	2.0893849	3.0380629	504.19579	23.890631	1.5773130e-05	0.039038201
204.18924	1.6959000	859.72147	0.0011631674	869.23400	871.20662	2.3700331	3.3026803	4.5181337	1318.5516	-0.083497996	0.00013168679	0.65720755	0.036716128	8.5507500	0.11694881	2596.0628	2794.3963	6.3990120	2.0971979	3.0548972	504.27676	23.666983	1.5809479e-05	0.039249334
205.23375	1.7325500	858.47605	0.0011648549	873.92441	875.94258	2.3798546	3.2989247	4.5238892	1315.1322	-0.081976333	0.00013098348	0.65648403	0.036476567	8.7301845	0.11454512	2596.4960	2794.9511	6.3912963	2.1049119	3.0716300	504.35066	23.449514	1.5845245e-05	0.039458616
206.26122	1.7692000	857.24520	0.0011665274	878.54334	880.60716	2.3895056	3.2952488	4.5296301	1311.7476	-0.080461391	0.00013029882	0.65576317	0.036240686	8.9096764	0.11223752	2596.9100	2795.4807	6.3837249	2.1125303	3.0882654	504.41779	23.237937	1.5880452e-05	0.039666116
207.27228	1.8058500	856.02842	0.0011681855	883.09343	885.20300	2.3989928	3.2916497	4.5353575	1308.3970	-0.078952813	0.00012963190	0.65504500	0.036008355	9.0892315	0.11002030	2597.3058	2795.9859	6.3762916	2.1200561	3.1048078	504.47843	23.031985	1.5915123e-05	0.039871900
208.26751	1.8425000	854.82520	0.0011698298	887.57718	889.73260	2.4083224	3.2881242	4.5410721	1305.0791	-0.077450263	0.00012898192	0.65432955	0.035779452	9.2688549	0.10788819	2597.6838	2796.4678	6.3689910	2.1274921	3.1212610	504.53285	22.831408	1.5949277e-05	0.040076031
209.24749	1.8791500	853.63511	0.0011714607	891.99696	894.19831	2.4175001	3.2846698	4.5467748	1301.7931	-0.075953422	0.00012834808	0.65361681	0.035553860	9.4485519	0.10583632	2598.0449	2796.9273	6.3618177	2.1348413	3.1376289	504.58128	22.635968	1.5982935e-05	0.040278568
210.21274	1.9158000	852.45769	0.0011730788	896.35500	898.60238	2.4265315	3.2812836	4.5524662	1298.5381	-0.074461985	0.00012772966	0.65290679	0.035331469	9.6283273	0.10386020	2598.3896	2797.3650	6.3547668	2.1421062	3.1539152	504.62397	22.445447	1.6016114e-05	0.040479566
211.16377	1.9524500	851.29253	0.0011746843	900.65340	902.94691	2.4354219	3.2779633	4.5581473	1295.3131	-0.072975665	0.00012712598	0.65219950	0.035112175	9.8081859	0.10195565	2598.7185	2797.7818	6.3478336	2.1492894	3.1701234	504.66113	22.259635	1.6048832e-05	0.040679080
212.10106	1.9891000	850.13924	0.0011762779	904.89417	907.23391	2.4441762	3.2747066	4.5638187	1292.1174	-0.071494187	0.00012653641	0.65149495	0.034895878	9.9881324	0.10011882	2599.0321	2798.1784	6.3410137	2.1563933	3.1862569	504.69297	22.078338	1.6081105e-05	0.040877161
213.02504	2.0257500	848.99744	0.0011778598	909.07922	911.46527	2.4527990	3.2715111	4.5694810	1288.9502	-0.070017290	0.00012596034	0.65079311	0.034682484	10.168171	0.098346102	2599.3310	2798.5556	6.3343029	2.1634204	3.2023189	504.71968	21.901371	1.6112949e-05	0.041073857
213.93616	2.0624000	847.86678	0.0011794306	913.21034	915.64279	2.4612948	3.2683749	4.5751350	1285.8106	-0.068544724	0.00012539720	0.65009399	0.034471904	10.348306	0.096634170	2599.6156	2798.9139	6.3276972	2.1703728	3.2183126	504.74144	21.728561	1.6144380e-05	0.041269215
214.83482	2.0990500	846.74692	0.0011809904	917.28924	919.76820	2.4696679	3.2652959	4.5807813	1282.6980	-0.067076253	0.00012484648	0.64939758	0.034264053	10.528542	0.094979909	2599.8864	2799.2540	6.3211929	2.1772527	3.2342410	504.75844	21.559744	1.6175410e-05	0.041463278
215.72141	2.1357000	845.63754	0.0011825397	921.31757	923.84312	2.4779221	3.2622723	4.5864206	1279.6117	-0.065611647	0.00012430767	0.64870387	0.034058850	10.708883	0.093380419	2600.1439	2799.5764	6.3147865	2.1840622	3.2501069	504.77083	21.394765	1.6206053e-05	0.041656090
216.59631	2.1723500	844.53831	0.0011840789	925.29687	927.86911	2.4860614	3.2593022	4.5920533	1276.5509	-0.064150691	0.00012378029	0.64801284	0.033856216	10.889333	0.091832993	2600.3884	2799.8818	6.3084746	2.1908032	3.2659131	504.77877	21.233477	1.6236323e-05	0.041847691
217.45985	2.2090000	843.44896	0.0011856082	929.22863	931.84764	2.4940893	3.2563839	4.5976801	1273.5151	-0.062693177	0.00012326390	0.64732449	0.033656080	11.069894	0.090335098	2600.6205	2800.1707	6.3022539	2.1974777	3.2816624	504.78240	21.075742	1.6266230e-05	0.042038119
218.31237	2.2456500	842.36919	0.0011871279	933.11426	935.78013	2.5020093	3.2535160	4.6033015	1270.5036	-0.061238904	0.00012275808	0.64663878	0.033458369	11.250573	0.088884365	2600.8403	2800.4435	6.2961215	2.2040875	3.2973573	504.78188	20.921427	1.6295788e-05	0.042227412
219.15421	2.2823000	841.29874	0.0011886384	936.95510	939.66793	2.5098247	3.2506967	4.6089181	1267.5158	-0.059787682	0.00012226244	0.64595572	0.033263017	11.431370	0.087478576	2601.0484	2800.7008	6.2900745	2.2106344	3.3130004	504.77733	20.770409	1.6325006e-05	0.042415605
219.98566	2.3189500	840.23735	0.0011901399	940.75244	943.51232	2.5175386	3.2479246	4.6145304	1264.5512	-0.058339327	0.00012177659	0.64527527	0.033069959	11.612291	0.086115649	2601.2451	2800.9430	6.2841100	2.2171200	3.3285940	504.76888	20.622569	1.6353896e-05	0.042602733
220.80701	2.3556000	839.18477	0.0011916327	944.50752	947.31453	2.5251541	3.2451984	4.6201389	1261.6091	-0.056893663	0.00012130017	0.64459743	0.032879134	11.793339	0.084793628	2601.4306	2801.1705	6.2782256	2.2235460	3.3441405	504.75666	20.477793	1.6382467e-05	0.042788829
221.61855	2.3922500	838.14076	0.0011931170	948.22151	951.07574	2.5326739	3.2425166	4.6257441	1258.6892	-0.055450520	0.00012083285	0.64392216	0.032690483	11.974517	0.083510678	2601.6054	2801.3838	6.2724186	2.2299139	3.3596421	504.74076	20.335976	1.6410730e-05	0.042973924
222.42055	2.4289000	837.10510	0.0011945931	951.89554	954.79709	2.5401008	3.2398780	4.6313464	1255.7908	-0.054009736	0.00012037430	0.64324946	0.032503949	12.155827	0.082265071	2601.7696	2801.5833	6.2666866	2.2362254	3.3751011	504.72132	20.197015	1.6438693e-05	0.043158049
223.21325	2.4655500	836.07757	0.0011960613	955.53069	958.47964	2.5474375	3.2372814	4.6369463	1252.9135	-0.052571154	0.00011992422	0.64257929	0.032319478	12.337274	0.081055180	2601.9237	2801.7693	6.2610275	2.2424818	3.3905195	504.69843	20.060814	1.6466364e-05	0.043341232
223.99691	2.5022000	835.05795	0.0011975217	959.12800	962.12444	2.5546864	3.2347257	4.6425443	1250.0568	-0.051134621	0.00011948232	0.64191164	0.032137018	12.518861	0.079879472	2602.0678	2801.9422	6.2554391	2.2486845	3.4058994	504.67219	19.927280	1.6493754e-05	0.043523503
224.77176	2.5388500	834.04605	0.0011989746	962.68846	965.73247	2.5618499	3.2322096	4.6481407	1247.2202	-0.049699993	0.00011904832	0.64124649	0.031956520	12.700590	0.078736501	2602.2022	2802.1024	6.2499191	2.2548349	3.4212428	504.64269	19.796324	1.6520869e-05	0.043704888
225.53803	2.5755000	833.04167	0.0012004201	966.21302	969.30470	2.5689305	3.2297321	4.6537360	1244.4034	-0.048267128	0.00011862195	0.64058381	0.031777934	12.882464	0.077624902	2602.3272	2802.2501	6.2444657	2.2609344	3.4365516	504.61004	19.667864	1.6547718e-05	0.043885413
226.29594	2.6121500	832.04462	0.0012018586	969.70260	972.84204	2.5759302	3.2272923	4.6593307	1241.6058	-0.046835891	0.00011820297	0.63992358	0.031601215	13.064486	0.076543384	2602.4430	2802.3858	6.2390769	2.2669841	3.4518276	504.57431	19.541818	1.6574307e-05	0.044065105
227.04570	2.6488000	831.05473	0.0012032902	973.15808	976.34536	2.5828511	3.2248890	4.6649251	1238.8271	-0.045406149	0.00011779113	0.63926578	0.031426318	13.246660	0.075490729	2602.5499	2802.5097	6.2337510	2.2729853	3.4670727	504.53559	19.418111	1.6600645e-05	0.044243987
227.78750	2.6854500	830.07182	0.0012047150	976.58031	979.81551	2.5896954	3.2225214	4.6705195	1236.0668	-0.043977777	0.00011738621	0.63861038	0.031253202	13.428987	0.074465781	2602.6480	2802.6222	6.2284861	2.2789392	3.4822887	504.49396	19.296668	1.6626738e-05	0.044422083
228.52153	2.7221000	829.09573	0.0012061333	979.97010	983.25332	2.5964650	3.2201886	4.6761144	1233.3247	-0.042550650	0.00011698799	0.63795737	0.031081824	13.611471	0.073467447	2602.7377	2802.7234	6.2232805	2.2848469	3.4974771	504.44950	19.177420	1.6652592e-05	0.044599417
229.24800	2.7587500	828.12629	0.0012075453	983.32823	986.65955	2.6031618	3.2178896	4.6817102	1230.6002	-0.041124650	0.00011659625	0.63730671	0.030912145	13.794114	0.072494691	2602.8190	2802.8137	6.2181327	2.2907096	3.5126398	504.40228	19.060299	1.6678215e-05	0.044776009
229.96707	2.7954000	827.16335	0.0012089510	986.65547	990.03497	2.6097875	3.2156237	4.6873072	1227.8931	-0.039699661	0.00011621080	0.63665839	0.030744127	13.976918	0.071546531	2602.8922	2802.8933	6.2130411	2.2965282	3.5277783	504.35237	18.945242	1.6703612e-05	0.044951883
230.67891	2.8320500	826.20676	0.0012103508	989.95253	993.38030	2.6163440	3.2133901	4.6929057	1225.2030	-0.038275572	0.00011583145	0.63601239	0.030577733	14.159887	0.070622033	2602.9574	2802.9626	6.2080042	2.3023039	3.5428941	504.29985	18.832187	1.6728788e-05	0.045127057
231.38370	2.8687000	825.25637	0.0012117447	993.22011	996.69624	2.6228328	3.2111879	4.6985062	1222.5296	-0.036852273	0.00011545802	0.63536868	0.030412928	14.343022	0.069720312	2603.0150	2803.0216	6.2030205	2.3080375	3.5579888	504.24476	18.721074	1.6753751e-05	0.045301554
232.08159	2.9053500	824.31205	0.0012131328	996.45890	999.98348	2.6292557	3.2090164	4.7041088	1219.8725	-0.035429659	0.00011509032	0.63472723	0.030249677	14.526327	0.068840525	2603.0649	2803.0707	6.1980888	2.3137302	3.5730640	504.18719	18.611847	1.6778505e-05	0.045475391
232.77275	2.9420000	823.37366	0.0012145154	999.66955	1003.2427	2.6356141	3.2068750	4.7097141	1217.2314	-0.034007628	0.00011472820	0.63408803	0.030087947	14.709804	0.067981873	2603.1074	2803.1101	6.1932076	2.3193827	3.5881209	504.12718	18.504453	1.6803055e-05	0.045648589
233.45731	2.9786500	822.44107	0.0012158926	1002.8527	1006.4744	2.6419097	3.2047628	4.7153222	1214.6061	-0.032586081	0.00011437149	0.63345105	0.029927707	14.893454	0.067143591	2603.1427	2803.1400	6.1883757	2.3249961	3.6031611	504.06480	18.398838	1.6827408e-05	0.045821165
234.13542	3.0153000	821.51415	0.0012172645	1006.0089	1009.6793	2.6481437	3.2026794	4.7209335	1211.9961	-0.031164920	0.00011402003	0.63281627	0.029768924	15.077281	0.066324956	2603.1709	2803.1606	6.1835918	2.3305712	3.6181859	504.00009	18.294952	1.6851566e-05	0.045993138
234.80722	3.0519500	820.59278	0.0012186312	1009.1388	1012.8580	2.6543178	3.2006239	4.7265484	1209.4013	-0.029744051	0.00011367368	0.63218366	0.029611570	15.261287	0.065525275	2603.1922	2803.1721	6.1788548	2.3361088	3.6331967	503.93313	18.192748	1.6875537e-05	0.046164524
235.47285	3.0886000	819.67684	0.0012199930	1012.2430	1016.0111	2.6604330	3.1985958	4.7321671	1206.8213	-0.028323383	0.00011333230	0.63155321	0.029455616	15.445473	0.064743889	2603.2067	2803.1747	6.1741635	2.3416098	3.6481948	503.86395	18.092180	1.6899323e-05	0.046335341
236.13244	3.1252500	818.76623	0.0012213498	1015.3219	1019.1390	2.6664909	3.1965945	4.7377899	1204.2559	-0.026902826	0.00011299575	0.63092490	0.029301033	15.629843	0.063980170	2603.2145	2803.1685	6.1695168	2.3470750	3.6631813	503.79260	17.993201	1.6922930e-05	0.046505605
236.78611	3.1619000	817.86081	0.0012227019	1018.3762	1022.2423	2.6724927	3.1946194	4.7434171	1201.7049	-0.025482293	0.00011266389	0.63029869	0.029147794	15.814398	0.063233518	2603.2158	2803.1539	6.1649137	2.3525051	3.6781577	503.71914	17.895771	1.6946362e-05	0.046675333
237.43398	3.1985500	816.96050	0.0012240494	1021.4064	1025.3216	2.6784395	3.1926699	4.7490490	1199.1678	-0.024061699	0.00011233661	0.62967457	0.028995873	15.999140	0.062503358	2603.2108	2803.1309	6.1603531	2.3579009	3.6931251	503.64362	17.799847	1.6969622e-05	0.046844539
238.07617	3.2352000	816.06518	0.0012253923	1024.4129	1028.3773	2.6843326	3.1907456	4.7546859	1196.6446	-0.022640961	0.00011201378	0.62905252	0.028845245	16.184073	0.061789144	2603.1994	2803.0997	6.1558340	2.3632632	3.7080847	503.56606	17.705390	1.6992716e-05	0.047013239
238.71281	3.2718500	815.17476	0.0012267308	1027.3962	1031.4099	2.6901731	3.1888459	4.7603281	1194.1349	-0.021219999	0.00011169528	0.62843252	0.028695886	16.369197	0.061090352	2603.1819	2803.0604	6.1513555	2.3685926	3.7230377	503.48653	17.612362	1.7015646e-05	0.047181448
239.34399	3.3085000	814.28912	0.0012280650	1030.3568	1034.4198	2.6959621	3.1869702	4.7659758	1191.6385	-0.019798732	0.00011138100	0.62781454	0.028547770	16.554515	0.060406482	2603.1585	2803.0133	6.1469166	2.3738898	3.7379852	503.40505	17.520725	1.7038418e-05	0.047349180
239.96982	3.3451500	813.40819	0.0012293950	1033.2951	1037.4077	2.7017006	3.1851182	4.7716294	1189.1552	-0.018377085	0.00011107083	0.62719856	0.028400875	16.740029	0.059737053	2603.1291	2802.9585	6.1425165	2.3791556	3.7529283	503.32168	17.430445	1.7061033e-05	0.047516449
240.59041	3.3818000	812.53187	0.0012307210	1036.2117	1040.3737	2.7073898	3.1832893	4.7772890	1186.6848	-0.016954981	0.00011076467	0.62658457	0.028255179	16.925741	0.059081608	2603.0939	2802.8960	6.1381542	2.3843905	3.7678681	503.23644	17.341486	1.7083497e-05	0.047683269
241.20587	3.4184500	811.66006	0.0012320429	1039.1068	1043.3185	2.7130307	3.1814831	4.7829549	1184.2271	-0.015532347	0.00011046241	0.62597254	0.028110659	17.111653	0.058439707	2603.0530	2802.8262	6.1338289	2.3895951	3.7828057	503.14938	17.253816	1.7105812e-05	0.047849654
241.81628	3.4551000	810.79268	0.0012333609	1041.9810	1046.2424	2.7186241	3.1796991	4.7886275	1181.7817	-0.014109110	0.00011016396	0.62536245	0.027967295	17.297767	0.057810929	2603.0065	2802.7490	6.1295399	2.3947702	3.7977422	503.06054	17.167403	1.7127982e-05	0.048015616
242.42174	3.4917500	809.92964	0.0012346751	1044.8346	1049.1458	2.7241710	3.1779370	4.7943069	1179.3486	-0.012685200	0.00010986923	0.62475429	0.027825066	17.484085	0.057194870	2602.9545	2802.6647	6.1252862	2.3999163	3.8126785	502.96994	17.082215	1.7150010e-05	0.048181168
243.02235	3.5284000	809.07087	0.0012359857	1047.6681	1052.0291	2.7296725	3.1761962	4.7999934	1176.9275	-0.011260547	0.00010957812	0.62414803	0.027683951	17.670610	0.056591143	2602.8972	2802.5734	6.1210673	2.4050339	3.8276157	502.87762	16.998224	1.7171899e-05	0.048346324
243.61819	3.5650500	808.21628	0.0012372926	1050.4817	1054.8927	2.7351293	3.1744764	4.8056872	1174.5183	-0.0098350833	0.00010929055	0.62354365	0.027543932	17.857342	0.055999377	2602.8345	2802.4751	6.1168822	2.4101236	3.8425548	502.78362	16.915399	1.7193652e-05	0.048511094
244.20935	3.6017000	807.36579	0.0012385960	1053.2759	1057.7370	2.7405423	3.1727772	4.8113887	1172.1206	-0.0084087422	0.00010900643	0.62294113	0.027404990	18.044284	0.055419213	2602.7667	2802.3700	6.1127304	2.4151861	3.8574967	502.68797	16.833714	1.7215272e-05	0.048675491
244.79592	3.6383500	806.51933	0.0012398959	1056.0510	1060.5622	2.7459123	3.1710983	4.8170980	1169.7345	-0.0069814583	0.00010872568	0.62234046	0.027267106	18.231437	0.054850311	2602.6937	2802.2583	6.1086111	2.4202218	3.8724424	502.59069	16.753142	1.7236763e-05	0.048839527
245.37798	3.6750000	805.67682	0.0012411925	1058.8074	1063.3688	2.7512402	3.1694392	4.8228154	1167.3595	-0.0055531676	0.00010844823	0.62174161	0.027130263	18.418804	0.054292341	2602.6157	2802.1400	6.1045236	2.4252312	3.8873928	502.49182	16.673656	1.7258126e-05	0.049003213
245.95560	3.7116500	804.83819	0.0012424858	1061.5454	1066.1571	2.7565268	3.1677997	4.8285411	1164.9957	-0.0041238072	0.00010817398	0.62114457	0.026994442	18.606387	0.053744985	2602.5327	2802.0153	6.1004673	2.4302148	3.9023489	502.39139	16.595231	1.7279365e-05	0.049166561
246.52887	3.7483000	804.00337	0.0012437759	1064.2653	1068.9274	2.7617728	3.1661793	4.8342754	1162.6428	-0.0026933150	0.00010790288	0.62054932	0.026859628	18.794187	0.053207941	2602.4449	2801.8842	6.0964415	2.4351732	3.9173116	502.28942	16.517843	1.7300482e-05	0.049329581
247.09786	3.7849500	803.17229	0.0012450629	1066.9675	1071.6800	2.7669790	3.1645777	4.8400185	1160.3006	-0.0012616305	0.00010763485	0.61995584	0.026725803	18.982206	0.052680915	2602.3523	2801.7469	6.0924456	2.4401069	3.9322816	502.18594	16.441468	1.7321481e-05	0.049492284
247.66265	3.8216000	802.34489	0.0012463468	1069.6522	1074.4153	2.7721461	3.1629946	4.8457706	1157.9690	0.00017130618	0.00010736982	0.61936411	0.026592952	19.170447	0.052163626	2602.2549	2801.6034	6.0884791	2.4450162	3.9472600	502.08099	16.366083	1.7342362e-05	0.049654681
248.22330	3.8582500	801.52110	0.0012476278	1072.3199	1077.1335	2.7772748	3.1614297	4.8515319	1155.6479	0.0016055537	0.00010710772	0.61877411	0.026461059	19.358910	0.051655802	2602.1530	2801.4540	6.0845413	2.4499016	3.9622476	501.97457	16.291666	1.7363130e-05	0.049816782
248.77988	3.8949000	800.70085	0.0012489059	1074.9706	1079.8350	2.7823658	3.1598827	4.8573027	1153.3369	0.0030411699	0.00010684849	0.61818583	0.026330109	19.547597	0.051157183	2602.0464	2801.2985	6.0806317	2.4547637	3.9772452	501.86672	16.218196	1.7383785e-05	0.049978598
249.33247	3.9315500	799.88409	0.0012501811	1077.6049	1082.5200	2.7874198	3.1583533	4.8630832	1151.0361	0.0044782117	0.00010659206	0.61759925	0.026200087	19.736511	0.050667516	2601.9354	2801.1372	6.0767497	2.4596027	3.9922537	501.75747	16.145652	1.7404332e-05	0.050140138
249.88113	3.9682000	799.07075	0.0012514536	1080.2228	1085.1888	2.7924374	3.1568412	4.8688736	1148.7453	0.0059167350	0.00010633838	0.61701436	0.026070978	19.925653	0.050186560	2601.8199	2800.9702	6.0728948	2.4644193	4.0072739	501.64683	16.074013	1.7424771e-05	0.050301412
250.42592	4.0048500	798.26078	0.0012527235	1082.8248	1087.8418	2.7974193	3.1553461	4.8746742	1146.4642	0.0073567950	0.00010608738	0.61643112	0.025942769	20.115025	0.049714081	2601.7000	2800.7975	6.0690665	2.4692136	4.0223065	501.53483	16.003260	1.7445105e-05	0.050462430
250.96691	4.0415000	797.45412	0.0012539906	1085.4110	1090.4790	2.8023660	3.1538677	4.8804851	1144.1928	0.0087984460	0.00010583901	0.61584954	0.025815446	20.304629	0.049249853	2601.5759	2800.6191	6.0652642	2.4739863	4.0373525	501.42149	15.933375	1.7465336e-05	0.050623201
251.50415	4.0781500	796.65071	0.0012552553	1087.9818	1093.1009	2.8072782	3.1524058	4.8863066	1141.9309	0.010241742	0.00010559322	0.61526959	0.025688995	20.494466	0.048793659	2601.4474	2800.4353	6.0614875	2.4787375	4.0524125	501.30683	15.864338	1.7485466e-05	0.050783735
252.03771	4.1148000	795.85049	0.0012565174	1090.5373	1095.7076	2.8121565	3.1509601	4.8921389	1139.6785	0.011686735	0.00010534994	0.61469126	0.025563404	20.684538	0.048345289	2601.3149	2800.2461	6.0577359	2.4834678	4.0674874	501.19088	15.796131	1.7505498e-05	0.050944040
252.56765	4.1514500	795.05342	0.0012577771	1093.0779	1098.2995	2.8170014	3.1495304	4.8979822	1137.4352	0.013133478	0.00010510912	0.61411452	0.025438659	20.874848	0.047904541	2601.1782	2800.0515	6.0540089	2.4881776	4.0825780	501.07364	15.728738	1.7525434e-05	0.051104127
253.09402	4.1881000	794.25944	0.0012590345	1095.6037	1100.8767	2.8218135	3.1481164	4.9038367	1135.2011	0.014582021	0.00010487073	0.61353937	0.025314748	21.065395	0.047471219	2601.0374	2799.8516	6.0503061	2.4928670	4.0976849	500.95516	15.662142	1.7545274e-05	0.051264002
253.61687	4.2247500	793.46850	0.0012602895	1098.1150	1103.4394	2.8265933	3.1467178	4.9097027	1132.9760	0.016032417	0.00010463469	0.61296579	0.025191660	21.256183	0.047045134	2600.8926	2799.6465	6.0466270	2.4975366	4.1128090	500.83543	15.596325	1.7565022e-05	0.051423676
254.13627	4.2614000	792.68055	0.0012615422	1100.6121	1105.9880	2.8313414	3.1453346	4.9155803	1130.7597	0.017484714	0.00010440098	0.61239376	0.025069381	21.447213	0.046626104	2600.7438	2799.4363	6.0429712	2.5021867	4.1279509	500.71448	15.531273	1.7584678e-05	0.051583157
254.65226	4.2980500	791.89554	0.0012627928	1103.0951	1108.5227	2.8360583	3.1439663	4.9214698	1128.5521	0.018938962	0.00010416954	0.61182326	0.024947902	21.638487	0.046213952	2600.5912	2799.2211	6.0393382	2.5068176	4.1431114	500.59234	15.466969	1.7604246e-05	0.051742454
255.16490	4.3347000	791.11343	0.0012640412	1105.5643	1111.0435	2.8407445	3.1426128	4.9273713	1126.3532	0.020395211	0.00010394032	0.61125429	0.024827209	21.830006	0.045808508	2600.4347	2799.0008	6.0357278	2.5114296	4.1582913	500.46901	15.403400	1.7623726e-05	0.051901574
255.67423	4.3713500	790.33416	0.0012652876	1108.0199	1113.5509	2.8454004	3.1412739	4.9332851	1124.1628	0.021853509	0.00010371328	0.61068683	0.024707293	22.021772	0.045409606	2600.2744	2798.7756	6.0321394	2.5160231	4.1734913	500.34451	15.340549	1.7643121e-05	0.052060526
256.18030	4.4080000	789.55769	0.0012665319	1110.4620	1116.0449	2.8500267	3.1399494	4.9392113	1121.9807	0.023313903	0.00010348839	0.61012086	0.024588142	22.213787	0.045017088	2600.1103	2798.5456	6.0285726	2.5205983	4.1887119	500.21887	15.278403	1.7662431e-05	0.052219318
256.68317	4.4446500	788.78398	0.0012677742	1112.8910	1118.5258	2.8546236	3.1386390	4.9451503	1119.8069	0.024776441	0.00010326559	0.60955637	0.024469746	22.406052	0.044630799	2599.9425	2798.3108	6.0250272	2.5251557	4.2039541	500.09209	15.216948	1.7681660e-05	0.052377957
257.18287	4.4813000	788.01298	0.0012690146	1115.3069	1120.9938	2.8591917	3.1373426	4.9511021	1117.6413	0.026241170	0.00010304485	0.60899334	0.024352094	22.598569	0.044250589	2599.7711	2798.0712	6.0215027	2.5296954	4.2192183	499.96419	15.156171	1.7700807e-05	0.052536453
257.67946	4.5179500	787.24466	0.0012702531	1117.7101	1123.4490	2.8637315	3.1360600	4.9570670	1115.4837	0.027708136	0.00010282612	0.60843176	0.024235177	22.791340	0.043876314	2599.5960	2797.8270	6.0179987	2.5342178	4.2345054	499.83519	15.096058	1.7719876e-05	0.052694812
258.17298	4.5546000	786.47896	0.0012714898	1120.1006	1125.8917	2.8682434	3.1347910	4.9630452	1113.3341	0.029177384	0.00010260937	0.60787162	0.024118985	22.984366	0.043507834	2599.4174	2797.5782	6.0145150	2.5387232	4.2498160	499.70511	15.036597	1.7738867e-05	0.052853042
258.66348	4.5912500	785.71584	0.0012727247	1122.4787	1128.3221	2.8727277	3.1335353	4.9690369	1111.1923	0.030648961	0.00010239457	0.60731290	0.024003507	23.177649	0.043145014	2599.2352	2797.3248	6.0110511	2.5432118	4.2651508	499.57395	14.977775	1.7757782e-05	0.053011151
259.15098	4.6279000	784.95528	0.0012739579	1124.8445	1130.7403	2.8771850	3.1322929	4.9750423	1109.0582	0.032122911	0.00010218167	0.60675559	0.023888735	23.371191	0.042787721	2599.0496	2797.0669	6.0076067	2.5476839	4.2805105	499.44174	14.919581	1.7776622e-05	0.053169147
259.63555	4.6645500	784.19722	0.0012751894	1127.1983	1133.1465	2.8816156	3.1310636	4.9810616	1106.9318	0.033599279	0.00010197064	0.60619968	0.023774660	23.564993	0.042435828	2598.8605	2796.8045	6.0041815	2.5521399	4.2958956	499.30848	14.862002	1.7795389e-05	0.053327035
260.11721	4.7012000	783.44163	0.0012764193	1129.5402	1135.5409	2.8860199	3.1298471	4.9870950	1104.8128	0.035078110	0.00010176145	0.60564515	0.023661271	23.759057	0.042089212	2598.6680	2796.5378	6.0007752	2.5565798	4.3113070	499.17419	14.805027	1.7814085e-05	0.053484825
260.59602	4.7378500	782.68847	0.0012776475	1131.8703	1137.9236	2.8903983	3.1286433	4.9931427	1102.7014	0.036559446	0.00010155405	0.60509198	0.023548561	23.953385	0.041747754	2598.4721	2796.2667	5.9973874	2.5610041	4.3267451	499.03889	14.748645	1.7832710e-05	0.053642523
261.07200	4.7745000	781.93770	0.0012788743	1134.1889	1140.2948	2.8947513	3.1274520	4.9992050	1100.5972	0.038043332	0.00010134843	0.60454017	0.023436521	24.147977	0.041411336	2598.2729	2795.9913	5.9940179	2.5654130	4.3422107	498.90258	14.692845	1.7851266e-05	0.053800136
261.54519	4.8111500	781.18930	0.0012800995	1136.4960	1142.6548	2.8990791	3.1262731	5.0052819	1098.5003	0.039529810	0.00010114455	0.60398971	0.023325142	24.342837	0.041079847	2598.0703	2795.7116	5.9906664	2.5698066	4.3577045	498.76528	14.637616	1.7869755e-05	0.053957672
262.01564	4.8478000	780.44321	0.0012813232	1138.7919	1145.0035	2.9033821	3.1251065	5.0113737	1096.4106	0.041018924	0.00010094237	0.60344057	0.023214416	24.537965	0.040753176	2597.8646	2795.4278	5.9873325	2.5741854	4.3732269	498.62701	14.582949	1.7888178e-05	0.054115136
262.48338	4.8844500	779.69941	0.0012825455	1141.0768	1147.3413	2.9076608	3.1239519	5.0174807	1094.3279	0.042510716	0.00010074186	0.60289275	0.023104334	24.733363	0.040431219	2597.6556	2795.1398	5.9840160	2.5785493	4.3887788	498.48776	14.528832	1.7906535e-05	0.054272537
262.94844	4.9211000	778.95786	0.0012837665	1143.3507	1149.6682	2.9119153	3.1228092	5.0236029	1092.2522	0.044005227	0.00010054301	0.60234624	0.022994890	24.929032	0.040113872	2597.4434	2794.8478	5.9807165	2.5828989	4.4043606	498.34756	14.475257	1.7924829e-05	0.054429880
263.41087	4.9577500	778.21854	0.0012849861	1145.6138	1151.9844	2.9161462	3.1216783	5.0297406	1090.1833	0.045502502	0.00010034576	0.60180102	0.022886074	25.124975	0.039801035	2597.2280	2794.5516	5.9774339	2.5872341	4.4199731	498.20642	14.422213	1.7943060e-05	0.054587174
263.87069	4.9944000	777.48140	0.0012862044	1147.8663	1154.2901	2.9203537	3.1205591	5.0358941	1088.1213	0.047002579	0.00010015011	0.60125708	0.022777880	25.321193	0.039492611	2597.0096	2794.2515	5.9741678	2.5915553	4.4356168	498.06434	14.369692	1.7961230e-05	0.054744423
264.32794	5.0310500	776.74641	0.0012874215	1150.1083	1156.5853	2.9245381	3.1194513	5.0420635	1086.0660	0.048505502	9.9956024e-05	0.60071441	0.022670300	25.517687	0.039188505	2596.7880	2793.9473	5.9709180	2.5958627	4.4512925	497.92135	14.317683	1.7979339e-05	0.054901636
264.78265	5.0677000	776.01354	0.0012886373	1152.3399	1158.8703	2.9286999	3.1183549	5.0482489	1084.0173	0.050011311	9.9763470e-05	0.60017300	0.022563326	25.714459	0.038888627	2596.5634	2793.6393	5.9676843	2.6001565	4.4670006	497.77744	14.266179	1.7997390e-05	0.055058818
265.23486	5.1043500	775.28277	0.0012898520	1154.5613	1161.1452	2.9328392	3.1172698	5.0544507	1081.9752	0.051520048	9.9572424e-05	0.59963284	0.022456952	25.911511	0.038592886	2596.3357	2793.3273	5.9644663	2.6044369	4.4827418	497.63263	14.215171	1.8015383e-05	0.055215976
265.68459	5.1410000	774.55406	0.0012910655	1156.7727	1163.4100	2.9369564	3.1161957	5.0606689	1079.9396	0.053031752	9.9382861e-05	0.59909391	0.022351170	26.108845	0.038301197	2596.1051	2793.0115	5.9612638	2.6087041	4.4985167	497.48694	14.164649	1.8033319e-05	0.055373117
266.13188	5.1776500	773.82737	0.0012922779	1158.9741	1165.6650	2.9410518	3.1151326	5.0669039	1077.9104	0.054546464	9.9194756e-05	0.59855620	0.022245973	26.306461	0.038013475	2595.8714	2792.6919	5.9580766	2.6129582	4.5143259	497.34036	14.114606	1.8051199e-05	0.055530247
266.57676	5.2143000	773.10269	0.0012934892	1161.1657	1167.9103	2.9451257	3.1140804	5.0731558	1075.8874	0.056064225	9.9008086e-05	0.59801970	0.022141354	26.504362	0.037729638	2595.6348	2792.3685	5.9549045	2.6171996	4.5301701	497.19291	14.065034	1.8069025e-05	0.055687371
267.01926	5.2509500	772.37998	0.0012946995	1163.3476	1170.1460	2.9491783	3.1130389	5.0794248	1073.8708	0.057585074	9.8822825e-05	0.59748441	0.022037308	26.702549	0.037449608	2595.3953	2792.0414	5.9517472	2.6214284	4.5460497	497.04460	14.015925	1.8086798e-05	0.055844498
267.45940	5.2876000	771.65921	0.0012959089	1165.5199	1172.3722	2.9532101	3.1120080	5.0857111	1071.8603	0.059109052	9.8638951e-05	0.59695031	0.021933827	26.901024	0.037173306	2595.1529	2791.7105	5.9486045	2.6256447	4.5619655	496.89544	13.967271	1.8104518e-05	0.056001632
267.89722	5.3242500	770.94035	0.0012971172	1167.6828	1174.5890	2.9572212	3.1109876	5.0920149	1069.8559	0.060636198	9.8456441e-05	0.59641738	0.021830904	27.099789	0.036900656	2594.9077	2791.3760	5.9454761	2.6298488	4.5779181	496.74544	13.919064	1.8122186e-05	0.056158780
268.33274	5.3609000	770.22339	0.0012983246	1169.8364	1176.7966	2.9612119	3.1099775	5.0983363	1067.8575	0.062166552	9.8275272e-05	0.59588563	0.021728535	27.298844	0.036631587	2594.6596	2791.0379	5.9423619	2.6340409	4.5939079	496.59461	13.871298	1.8139804e-05	0.056315948
268.76599	5.3975500	769.50828	0.0012995312	1171.9808	1178.9951	2.9651825	3.1089778	5.1046758	1065.8651	0.063700153	9.8095424e-05	0.59535503	0.021626712	27.498193	0.036366026	2594.4087	2790.6961	5.9392617	2.6382211	4.6099356	496.44295	13.823964	1.8157373e-05	0.056473142
269.19701	5.4342000	768.79501	0.0013007368	1174.1161	1181.1845	2.9691333	3.1079882	5.1110333	1063.8786	0.065237040	9.7916874e-05	0.59482558	0.021525429	27.697835	0.036103905	2594.1550	2790.3508	5.9361751	2.6423895	4.6260019	496.29047	13.777056	1.8174893e-05	0.056630368
269.62581	5.4708500	768.08355	0.0013019417	1176.2424	1183.3651	2.9730644	3.1070086	5.1174091	1061.8979	0.066777252	9.7739603e-05	0.59429726	0.021424680	27.897774	0.035845154	2593.8985	2790.0020	5.9331021	2.6465464	4.6421072	496.13718	13.730568	1.8192366e-05	0.056787633
270.05242	5.5075000	767.37387	0.0013031458	1178.3599	1185.5370	2.9769763	3.1060390	5.1238034	1059.9229	0.068320828	9.7563589e-05	0.59377008	0.021324460	28.098010	0.035589710	2593.6393	2789.6496	5.9300424	2.6506920	4.6582523	495.98310	13.684491	1.8209792e-05	0.056944941
270.47686	5.5441500	766.66595	0.0013043491	1180.4686	1187.7001	2.9808690	3.1050793	5.1302165	1057.9537	0.069867808	9.7388813e-05	0.59324401	0.021224763	28.298545	0.035337506	2593.3774	2789.2938	5.9269959	2.6548263	4.6744376	495.82822	13.638821	1.8227172e-05	0.057102300
270.89917	5.5808000	765.95975	0.0013055516	1182.5687	1189.8547	2.9847429	3.1041293	5.1366485	1055.9900	0.071418229	9.7215256e-05	0.59271905	0.021125584	28.499381	0.035088482	2593.1128	2788.9346	5.9239622	2.6589496	4.6906638	495.67256	13.593549	1.8244508e-05	0.057259715
271.31937	5.6174500	765.25527	0.0013067535	1184.6603	1192.0009	2.9885983	3.1031889	5.1430996	1054.0319	0.072972131	9.7042898e-05	0.59219518	0.021026915	28.700519	0.034842576	2592.8455	2788.5719	5.9209414	2.6630620	4.7069314	495.51613	13.548671	1.8261800e-05	0.057417192
271.73748	5.6541000	764.55247	0.0013079547	1186.7434	1194.1387	2.9924352	3.1022582	5.1495700	1052.0793	0.074529551	9.6871721e-05	0.59167240	0.020928754	28.901961	0.034599728	2592.5755	2788.2059	5.9179330	2.6671637	4.7232411	495.35892	13.504180	1.8279048e-05	0.057574737
272.15352	5.6907500	763.85133	0.0013091553	1188.8182	1196.2683	2.9962540	3.1013368	5.1560600	1050.1322	0.076090529	9.6701706e-05	0.59115070	0.020831093	29.103709	0.034359881	2592.3030	2787.8364	5.9149371	2.6712548	4.7395934	495.20096	13.460069	1.8296255e-05	0.057732355
272.56753	5.7274000	763.15183	0.0013103552	1190.8848	1198.3897	3.0000549	3.1004249	5.1625697	1048.1904	0.077655102	9.6532836e-05	0.59063007	0.020733927	29.305765	0.034122979	2592.0278	2787.4637	5.9119533	2.6753355	4.7559889	495.04223	13.416333	1.8313420e-05	0.057890053
272.97951	5.7640500	762.45394	0.0013115546	1192.9432	1200.5031	3.0038381	3.0995222	5.1690994	1046.2539	0.079223310	9.6365094e-05	0.59011050	0.020637252	29.508129	0.033888966	2591.7500	2787.0877	5.9089816	2.6794059	4.7724282	494.88276	13.372967	1.8330545e-05	0.058047835
273.38950	5.8007000	761.75764	0.0013127535	1194.9937	1202.6085	3.0076038	3.0986287	5.1756492	1044.3227	0.080795189	9.6198462e-05	0.58959197	0.020541063	29.710804	0.033657789	2591.4696	2786.7084	5.9060217	2.6834661	4.7889119	494.72256	13.329964	1.8347630e-05	0.058205709
273.79751	5.8373500	761.06291	0.0013139518	1197.0361	1204.7061	3.0113523	3.0977444	5.1822194	1042.3967	0.082370778	9.6032923e-05	0.58907449	0.020445354	29.913792	0.033429396	2591.1867	2786.3258	5.9030734	2.6875164	4.8054405	494.56161	13.287318	1.8364676e-05	0.058363679
274.20357	5.8740000	760.36973	0.0013151497	1199.0708	1206.7960	3.0150838	3.0968691	5.1888102	1040.4759	0.083950116	9.5868461e-05	0.58855804	0.020350120	30.117093	0.033203736	2590.9013	2785.9400	5.9001367	2.6915568	4.8220147	494.39994	13.245026	1.8381685e-05	0.058521752
274.60771	5.9106500	759.67808	0.0013163471	1201.0977	1208.8781	3.0187984	3.0960027	5.1954217	1038.5601	0.085533239	9.5705061e-05	0.58804261	0.020255358	30.320710	0.032980758	2590.6133	2785.5511	5.8972114	2.6955875	4.8386351	494.23755	13.203081	1.8398656e-05	0.058679932
275.00993	5.9473000	758.98792	0.0013175440	1203.1169	1210.9527	3.0224963	3.0951451	5.2020543	1036.6493	0.087120187	9.5542705e-05	0.58752819	0.020161061	30.524644	0.032760415	2590.3229	2785.1589	5.8942972	2.6996085	4.8553022	494.07444	13.161477	1.8415590e-05	0.058838226
275.41026	5.9839500	758.29926	0.0013187406	1205.1286	1213.0199	3.0261779	3.0942964	5.2087080	1034.7435	0.088710997	9.5381380e-05	0.58701478	0.020067226	30.728897	0.032542659	2590.0300	2784.7636	5.8913940	2.7036202	4.8720166	493.91062	13.120211	1.8432489e-05	0.058996638
275.80873	6.0206000	757.61205	0.0013199368	1207.1328	1215.0796	3.0298432	3.0934564	5.2153832	1032.8427	0.090305707	9.5221069e-05	0.58650236	0.019973847	30.933470	0.032327443	2589.7346	2784.3652	5.8885017	2.7076225	4.8887790	493.74611	13.079277	1.8449353e-05	0.059155176
276.20535	6.0572500	756.92629	0.0013211326	1209.1296	1217.1320	3.0334924	3.0926250	5.2220800	1030.9467	0.091904354	9.5061759e-05	0.58599093	0.019880921	31.138366	0.032114723	2589.4367	2783.9636	5.8856202	2.7116156	4.9055898	493.58089	13.038670	1.8466182e-05	0.059313844
276.60013	6.0939000	756.24195	0.0013223281	1211.1190	1219.1772	3.0371258	3.0918021	5.2287987	1029.0555	0.093506977	9.4903434e-05	0.58548048	0.019788443	31.343586	0.031904454	2589.1365	2783.5590	5.8827492	2.7155996	4.9224497	493.41498	12.998385	1.8482978e-05	0.059472648
276.99311	6.1305500	755.55902	0.0013235233	1213.1013	1221.2152	3.0407435	3.0909878	5.2355394	1027.1690	0.095113613	9.4746080e-05	0.58497100	0.019696408	31.549131	0.031696594	2588.8338	2783.1513	5.8798886	2.7195747	4.9393593	493.24839	12.958418	1.8499742e-05	0.059631593
277.38430	6.1672000	754.87746	0.0013247183	1215.0764	1223.2462	3.0443458	3.0901818	5.2423024	1025.2873	0.096724301	9.4589684e-05	0.58446248	0.019604812	31.755003	0.031491100	2588.5287	2782.7406	5.8770383	2.7235410	4.9563191	493.08112	12.918764	1.8516473e-05	0.059790685
277.77372	6.2038500	754.19728	0.0013259130	1217.0445	1225.2702	3.0479327	3.0893842	5.2490879	1023.4103	0.098339078	9.4434231e-05	0.58395491	0.019513652	31.961205	0.031287932	2588.2212	2782.3269	5.8741982	2.7274985	4.9733298	492.91318	12.879418	1.8533173e-05	0.059949929
278.16138	6.2405000	753.51844	0.0013271075	1219.0055	1227.2873	3.0515045	3.0885949	5.2558961	1021.5379	0.099957981	9.4279708e-05	0.58344829	0.019422922	32.167737	0.031087048	2587.9114	2781.9101	5.8713680	2.7314475	4.9903920	492.74456	12.840377	1.8549842e-05	0.060109331
278.54731	6.2771500	752.84092	0.0013283019	1220.9597	1229.2976	3.0550614	3.0878138	5.2627272	1019.6700	0.10158105	9.4126103e-05	0.58294260	0.019332619	32.374602	0.030888411	2587.5992	2781.4904	5.8685477	2.7353880	5.0075062	492.57528	12.801635	1.8566481e-05	0.060268897
278.93152	6.3138000	752.16471	0.0013294960	1222.9070	1231.3012	3.0586035	3.0870409	5.2695815	1017.8067	0.10320832	9.3973402e-05	0.58243785	0.019242739	32.581800	0.030691981	2587.2847	2781.0677	5.8657371	2.7393201	5.0246731	492.40535	12.763189	1.8583091e-05	0.060428632
279.31403	6.3504500	751.48980	0.0013306901	1224.8476	1233.2980	3.0621310	3.0862760	5.2764591	1015.9478	0.10483983	9.3821592e-05	0.58193401	0.019153278	32.789335	0.030497722	2586.9679	2780.6421	5.8629361	2.7432440	5.0418932	492.23476	12.725034	1.8599672e-05	0.060588541
279.69486	6.3871000	750.81616	0.0013318840	1226.7814	1235.2883	3.0656440	3.0855191	5.2833604	1014.0933	0.10647562	9.3670661e-05	0.58143109	0.019064232	32.997206	0.030305596	2586.6487	2780.2136	5.8601446	2.7471597	5.0591672	492.06352	12.687167	1.8616225e-05	0.060748629
280.07402	6.4237500	750.14377	0.0013330778	1228.7087	1237.2721	3.0691428	3.0847702	5.2902855	1012.2433	0.10811572	9.3520598e-05	0.58092907	0.018975597	33.205418	0.030115568	2586.3273	2779.7821	5.8573624	2.7510674	5.0764956	491.89163	12.649583	1.8632750e-05	0.060908903
280.45153	6.4604000	749.47262	0.0013342716	1230.6295	1239.2494	3.0726274	3.0840292	5.2972346	1010.3975	0.10976018	9.3371389e-05	0.58042795	0.018887369	33.413970	0.029927603	2586.0035	2779.3478	5.8545894	2.7549672	5.0938791	491.71911	12.612278	1.8649249e-05	0.061069368
280.82741	6.4970500	748.80269	0.0013354653	1232.5438	1241.2204	3.0760981	3.0832960	5.3042080	1008.5561	0.11140903	9.3223024e-05	0.57992772	0.018799546	33.622864	0.029741666	2585.6775	2778.9106	5.8518254	2.7588592	5.1113182	491.54595	12.575249	1.8665722e-05	0.061230029
281.20167	6.5337000	748.13397	0.0013366590	1234.4517	1243.1850	3.0795550	3.0825706	5.3112059	1006.7189	0.11306231	9.3075490e-05	0.57942838	0.018712122	33.832103	0.029557725	2585.3493	2778.4706	5.8490705	2.7627435	5.1288136	491.37217	12.538491	1.8682169e-05	0.061390892
281.57433	6.5703500	747.46643	0.0013378527	1236.3532	1245.1434	3.0829982	3.0818530	5.3182285	1004.8859	0.11472006	9.2928776e-05	0.57892990	0.018625094	34.041689	0.029375746	2585.0187	2778.0277	5.8463244	2.7666201	5.1463659	491.19775	12.502002	1.8698592e-05	0.061551961
281.94541	6.6070000	746.80007	0.0013390465	1238.2486	1247.0956	3.0864279	3.0811430	5.3252761	1003.0570	0.11638231	9.2782872e-05	0.57843230	0.018538460	34.251622	0.029195698	2584.6860	2777.5820	5.8435869	2.7704892	5.1639756	491.02272	12.465777	1.8714990e-05	0.061713243
282.31492	6.6436500	746.13485	0.0013402403	1240.1377	1249.0418	3.0898443	3.0804406	5.3323489	1001.2323	0.11804911	9.2637767e-05	0.57793555	0.018452215	34.461905	0.029017549	2584.3510	2777.1335	5.8408581	2.7743510	5.1816435	490.84707	12.429812	1.8731364e-05	0.061874743
282.68287	6.6803000	745.47078	0.0013414342	1242.0207	1250.9819	3.0932474	3.0797458	5.3394471	999.41166	0.11972049	9.2493449e-05	0.57743966	0.018366356	34.672539	0.028841268	2584.0139	2776.6822	5.8381378	2.7782054	5.1993701	490.67080	12.394105	1.8747715e-05	0.062036466
283.04928	6.7169500	744.80783	0.0013426282	1243.8977	1252.9160	3.0966375	3.0790584	5.3465710	997.59504	0.12139649	9.2349908e-05	0.57694462	0.018280879	34.883527	0.028666826	2583.6745	2776.2281	5.8354258	2.7820525	5.2171561	490.49393	12.358652	1.8764044e-05	0.062198418
283.41417	6.7536000	744.14599	0.0013438223	1245.7686	1254.8443	3.1000147	3.0783786	5.3537208	995.78242	0.12307715	9.2207133e-05	0.57645041	0.018195782	35.094869	0.028494194	2583.3329	2775.7713	5.8327221	2.7858926	5.2350020	490.31645	12.323450	1.8780351e-05	0.062360604
283.77755	6.7902500	743.48523	0.0013450166	1247.6337	1256.7667	3.1033791	3.0777061	5.3608967	993.97375	0.12476251	9.2065116e-05	0.57595703	0.018111061	35.306568	0.028323342	2582.9892	2775.3117	5.8300266	2.7897256	5.2529085	490.13837	12.288494	1.8796636e-05	0.062523029
284.13943	6.8269000	742.82556	0.0013462111	1249.4928	1258.6833	3.1067309	3.0770410	5.3680989	992.16900	0.12645260	9.1923845e-05	0.57546448	0.018026713	35.518626	0.028154242	2582.6433	2774.8495	5.8273391	2.7935517	5.2708763	489.95969	12.253783	1.8812900e-05	0.062685700
284.49983	6.8635500	742.16694	0.0013474057	1251.3462	1260.5942	3.1100701	3.0763832	5.3753278	990.36813	0.12814747	9.1783311e-05	0.57497274	0.017942734	35.731045	0.027986867	2582.2952	2774.3845	5.8246595	2.7973710	5.2889059	489.78042	12.219312	1.8829145e-05	0.062848621
284.85876	6.9002000	741.50937	0.0013486006	1253.1938	1262.4994	3.1133970	3.0757327	5.3825836	988.57109	0.12984714	9.1643504e-05	0.57448182	0.017859121	35.943825	0.027821190	2581.9450	2773.9168	5.8219878	2.8011835	5.3069980	489.60056	12.185078	1.8845369e-05	0.063011797
285.21623	6.9368500	740.85284	0.0013497957	1255.0357	1264.3990	3.1167117	3.0750893	5.3898664	986.77785	0.13155168	9.1504416e-05	0.57399170	0.017775872	36.156970	0.027657185	2581.5926	2773.4464	5.8193238	2.8049893	5.3251532	489.42011	12.151079	1.8861575e-05	0.063175235
285.57227	6.9735000	740.19732	0.0013509911	1256.8720	1266.2932	3.1200142	3.0744532	5.3971766	984.98837	0.13326110	9.1366035e-05	0.57350238	0.017692984	36.370480	0.027494825	2581.2382	2772.9733	5.8166674	2.8087885	5.3433722	489.23908	12.117312	1.8877762e-05	0.063338940
285.92688	7.0101500	739.54280	0.0013521868	1258.7028	1268.1818	3.1233048	3.0738241	5.4045144	983.20262	0.13497545	9.1228354e-05	0.57301384	0.017610452	36.584358	0.027334086	2580.8816	2772.4976	5.8140185	2.8125813	5.3616556	489.05747	12.083772	1.8893930e-05	0.063502917
286.28007	7.0468000	738.88927	0.0013533828	1260.5280	1270.0650	3.1265835	3.0732022	5.4118800	981.42056	0.13669476	9.1091363e-05	0.57252610	0.017528275	36.798605	0.027174943	2580.5229	2772.0192	5.8113771	2.8163676	5.3800041	488.87528	12.050459	1.8910082e-05	0.063667172
286.63186	7.0834500	738.23672	0.0013545791	1262.3477	1271.9428	3.1298505	3.0725873	5.4192737	979.64215	0.13841909	9.0955054e-05	0.57203912	0.017446450	37.013224	0.027017371	2580.1621	2771.5382	5.8087430	2.8201476	5.3984183	488.69253	12.017367	1.8926216e-05	0.063831709
286.98226	7.1201000	737.58512	0.0013557757	1264.1621	1273.8154	3.1331058	3.0719794	5.4266958	977.86736	0.14014846	9.0819417e-05	0.57155292	0.017364973	37.228216	0.026861346	2579.7992	2771.0546	5.8061161	2.8239213	5.4168988	488.50920	11.984496	1.8942333e-05	0.063996535
287.33128	7.1567500	736.93447	0.0013569728	1265.9711	1275.6826	3.1363497	3.0713784	5.4341464	976.09615	0.14188292	9.0684445e-05	0.57106749	0.017283841	37.443584	0.026706845	2579.4342	2770.5684	5.8034963	2.8276889	5.4354465	488.32530	11.951842	1.8958435e-05	0.064161656
287.67894	7.1934000	736.28476	0.0013581702	1267.7749	1277.5447	3.1395822	3.0707844	5.4416260	974.32849	0.14362250	9.0550128e-05	0.57058281	0.017203053	37.659328	0.026553846	2579.0671	2770.0796	5.8008836	2.8314504	5.4540617	488.14085	11.919402	1.8974521e-05	0.064327075
288.02525	7.2300500	735.63597	0.0013593680	1269.5734	1279.4017	3.1428035	3.0701972	5.4491346	972.56434	0.14536725	9.0416459e-05	0.57009888	0.017122604	37.875451	0.026402326	2578.6980	2769.5881	5.7982778	2.8352059	5.4727454	487.95583	11.887173	1.8990592e-05	0.064492800
288.37021	7.2667000	734.98808	0.0013605663	1271.3667	1281.2535	3.1460136	3.0696169	5.4566726	970.80368	0.14711720	9.0283430e-05	0.56961570	0.017042494	38.091954	0.026252263	2578.3268	2769.0941	5.7956789	2.8389555	5.4914981	487.77026	11.855153	1.9006649e-05	0.064658835
288.71385	7.3033500	734.34108	0.0013617650	1273.1549	1283.1003	3.1492127	3.0690434	5.4642402	969.04646	0.14887240	9.0151032e-05	0.56913325	0.016962717	38.308841	0.026103635	2577.9536	2768.5976	5.7930868	2.8426992	5.5103205	487.58413	11.823340	1.9022691e-05	0.064825187
289.05617	7.3400000	733.69497	0.0013629642	1274.9380	1284.9421	3.1524009	3.0684767	5.4718377	967.29265	0.15063288	9.0019257e-05	0.56865154	0.016883273	38.526111	0.025956422	2577.5783	2768.0985	5.7905013	2.8464371	5.5292133	487.39745	11.791730	1.9038720e-05	0.064991860
289.39719	7.3766500	733.04972	0.0013641639	1276.7160	1286.7790	3.1555783	3.0679166	5.4794654	965.54222	0.15239869	8.9888099e-05	0.56817056	0.016804159	38.743769	0.025810602	2577.2010	2767.5968	5.7879225	2.8501694	5.5481772	487.21022	11.760322	1.9054736e-05	0.065158860
289.73691	7.4133000	732.40533	0.0013653642	1278.4891	1288.6110	3.1587451	3.0673633	5.4871235	963.79514	0.15416986	8.9757548e-05	0.56769030	0.016725371	38.961814	0.025666156	2576.8217	2767.0926	5.7853501	2.8538960	5.5672128	487.02245	11.729112	1.9070740e-05	0.065326192
290.07535	7.4499500	731.76178	0.0013665649	1280.2573	1290.4381	3.1619012	3.0668166	5.4948123	962.05138	0.15594643	8.9627598e-05	0.56721075	0.016646908	39.180250	0.025523063	2576.4403	2766.5858	5.7827842	2.8576171	5.5863209	486.83413	11.698099	1.9086731e-05	0.065493863
290.41252	7.4866000	731.11906	0.0013677663	1282.0206	1292.2605	3.1650469	3.0662766	5.5025321	960.31091	0.15772845	8.9498242e-05	0.56673191	0.016568767	39.399079	0.025381304	2576.0569	2766.0766	5.7802246	2.8613327	5.6055021	486.64528	11.667280	1.9102711e-05	0.065661878
290.74842	7.5232500	730.47716	0.0013689682	1283.7790	1294.0781	3.1681822	3.0657432	5.5102831	958.57369	0.15951596	8.9369471e-05	0.56625377	0.016490945	39.618301	0.025240860	2575.6715	2765.5648	5.7776712	2.8650429	5.6247572	486.45588	11.636652	1.9118680e-05	0.065830243
291.08308	7.5599000	729.83607	0.0013701707	1285.5327	1295.8910	3.1713072	3.0652163	5.5180656	956.83969	0.16130899	8.9241280e-05	0.56577633	0.016413440	39.837920	0.025101712	2575.2842	2765.0506	5.7751240	2.8687477	5.6440869	486.26595	11.606214	1.9134638e-05	0.065998962
291.41649	7.5965500	729.19576	0.0013713738	1287.2816	1297.6993	3.1744221	3.0646959	5.5258800	955.10889	0.16310759	8.9113660e-05	0.56529958	0.016336250	40.057937	0.024963842	2574.8948	2764.5338	5.7725829	2.8724473	5.6634918	486.07549	11.575962	1.9150586e-05	0.066168042
291.74868	7.6332000	728.55624	0.0013725776	1289.0258	1299.5030	3.1775269	3.0641821	5.5337264	953.38125	0.16491180	8.8986605e-05	0.56482352	0.016259371	40.278354	0.024827231	2574.5034	2764.0146	5.7700479	2.8761417	5.6829727	485.88449	11.545895	1.9166523e-05	0.066337489
292.07964	7.6698500	727.91749	0.0013737821	1290.7654	1301.3021	3.1806218	3.0636747	5.5416051	951.65674	0.16672166	8.8860108e-05	0.56434814	0.016182803	40.499173	0.024691862	2574.1100	2763.4929	5.7675187	2.8798310	5.7025304	485.69297	11.516011	1.9182452e-05	0.066507308
292.40940	7.7065000	727.27949	0.0013749872	1292.5004	1303.0967	3.1837068	3.0631737	5.5495165	949.93534	0.16853722	8.8734162e-05	0.56387343	0.016106542	40.720397	0.024557718	2573.7147	2762.9688	5.7649954	2.8835152	5.7221654	485.50093	11.486307	1.9198372e-05	0.066677504
292.73796	7.7431500	726.64225	0.0013761930	1294.2308	1304.8869	3.1867821	3.0626792	5.5574609	948.21702	0.17035850	8.8608761e-05	0.56339939	0.016030587	40.942026	0.024424780	2573.3174	2762.4421	5.7624779	2.8871944	5.7418787	485.30836	11.456781	1.9214283e-05	0.066848084
293.06533	7.7798000	726.00573	0.0013773996	1295.9567	1306.6726	3.1898476	3.0621911	5.5654384	946.50174	0.17218556	8.8483899e-05	0.56292601	0.015954934	41.164064	0.024293034	2572.9181	2761.9131	5.7599661	2.8908687	5.7616709	485.11526	11.427432	1.9230187e-05	0.067019053
293.39152	7.8164500	725.36994	0.0013786069	1297.6782	1308.4540	3.1929036	3.0617093	5.5734495	944.78948	0.17401844	8.8359568e-05	0.56245329	0.015879583	41.386512	0.024162461	2572.5169	2761.3816	5.7574599	2.8945381	5.7815427	484.92165	11.398256	1.9246082e-05	0.067190417
293.71654	7.8531000	724.73486	0.0013798150	1299.3952	1310.2310	3.1959502	3.0612338	5.5814944	943.08022	0.17585717	8.8235762e-05	0.56198122	0.015804530	41.609373	0.024033047	2572.1137	2760.8476	5.7549593	2.8982028	5.8014949	484.72752	11.369253	1.9261971e-05	0.067362182
294.04040	7.8897500	724.10049	0.0013810238	1301.1078	1312.0037	3.1989873	3.0607646	5.5895733	941.37391	0.17770181	8.8112476e-05	0.56150980	0.015729773	41.832647	0.023904774	2571.7086	2760.3113	5.7524641	2.9018627	5.8215283	484.53288	11.340419	1.9277853e-05	0.067534353
294.36311	7.9264000	723.46680	0.0013822334	1302.8161	1313.7722	3.2020152	3.0603017	5.5976867	939.67054	0.17955239	8.7989703e-05	0.56103902	0.015655311	42.056339	0.023777629	2571.3015	2759.7725	5.7499743	2.9055179	5.8416436	484.33773	11.311754	1.9293729e-05	0.067706937
294.68467	7.9630500	722.83379	0.0013834439	1304.5201	1315.5365	3.2050338	3.0598451	5.6058348	937.97009	0.18140895	8.7867437e-05	0.56056887	0.015581140	42.280448	0.023651594	2570.8924	2759.2313	5.7474899	2.9091686	5.8618416	484.14206	11.283255	1.9309599e-05	0.067879939
295.00511	7.9997000	722.20145	0.0013846552	1306.2198	1317.2967	3.2080433	3.0593947	5.6140179	936.27251	0.18327155	8.7745672e-05	0.56009936	0.015507260	42.504979	0.023526656	2570.4815	2758.6877	5.7450108	2.9128147	5.8821231	483.94588	11.254919	1.9325464e-05	0.068053366
295.32442	8.0363500	721.56976	0.0013858674	1307.9153	1319.0527	3.2110439	3.0589505	5.6222363	934.57779	0.18514022	8.7624402e-05	0.55963047	0.015433668	42.729932	0.023402799	2570.0686	2758.1417	5.7425368	2.9164563	5.9024888	483.74920	11.226746	1.9341323e-05	0.068227222
295.64262	8.0730000	720.93873	0.0013870804	1309.6067	1320.8046	3.2140354	3.0585125	5.6304903	932.88590	0.18701500	8.7503621e-05	0.55916219	0.015360362	42.955310	0.023280009	2569.6537	2757.5933	5.7400680	2.9200935	5.9229395	483.55201	11.198734	1.9357178e-05	0.068401514
295.95971	8.1096500	720.30833	0.0013882944	1311.2939	1322.5525	3.2170181	3.0580806	5.6387802	931.19681	0.18889595	8.7383324e-05	0.55869454	0.015287340	43.181115	0.023158272	2569.2370	2757.0425	5.7376042	2.9237263	5.9434761	483.35432	11.170880	1.9373029e-05	0.068576248
296.27570	8.1463000	719.67855	0.0013895092	1312.9770	1324.2963	3.2199921	3.0576549	5.6471064	929.51050	0.19078310	8.7263505e-05	0.55822749	0.015214600	43.407350	0.023037573	2568.8183	2756.4893	5.7351454	2.9273549	5.9640992	483.15613	11.143183	1.9388876e-05	0.068751430
296.59061	8.1829500	719.04939	0.0013907251	1314.6560	1326.0362	3.2229573	3.0572353	5.6554692	927.82695	0.19267649	8.7144158e-05	0.55776105	0.015142141	43.634015	0.022917900	2568.3977	2755.9338	5.7326916	2.9309791	5.9848098	482.95743	11.115640	1.9404720e-05	0.068927066
296.90443	8.2196000	718.42083	0.0013919418	1316.3310	1327.7722	3.2259140	3.0568217	5.6638688	926.14612	0.19457618	8.7025279e-05	0.55729521	0.015069959	43.861114	0.022799238	2567.9752	2755.3758	5.7302426	2.9345993	6.0056086	482.75824	11.088251	1.9420561e-05	0.069103162
297.21719	8.2562500	717.79287	0.0013931596	1318.0020	1329.5043	3.2288621	3.0564143	5.6723057	924.46799	0.19648220	8.6906861e-05	0.55682996	0.014998053	44.088649	0.022681575	2567.5508	2754.8156	5.7277984	2.9382152	6.0264965	482.55855	11.061014	1.9436399e-05	0.069279724
297.52888	8.2929000	717.16549	0.0013943783	1319.6691	1331.2326	3.2318018	3.0560129	5.6807801	922.79255	0.19839460	8.6788899e-05	0.55636530	0.014926422	44.316622	0.022564897	2567.1245	2754.2529	5.7253589	2.9418272	6.0474743	482.35837	11.033926	1.9452235e-05	0.069456759
297.83951	8.3295500	716.53869	0.0013955981	1321.3323	1332.9570	3.2347332	3.0556176	5.6892923	921.11975	0.20031342	8.6671388e-05	0.55590123	0.014855063	44.545034	0.022449191	2566.6963	2753.6879	5.7229241	2.9454351	6.0685427	482.15769	11.006987	1.9468070e-05	0.069634271
298.14910	8.3662000	715.91245	0.0013968188	1322.9916	1334.6777	3.2376562	3.0552282	5.6978428	919.44959	0.20223872	8.6554323e-05	0.55543773	0.014783975	44.773889	0.022334446	2566.2661	2753.1206	5.7204939	2.9490390	6.0897027	481.95652	10.980194	1.9483903e-05	0.069812268
298.45765	8.4028500	715.28676	0.0013980407	1324.6471	1336.3946	3.2405711	3.0548449	5.7064317	917.78204	0.20417053	8.6437699e-05	0.55497482	0.014713156	45.003189	0.022220648	2565.8341	2752.5509	5.7180682	2.9526391	6.1109551	481.75486	10.953546	1.9499735e-05	0.069990755
298.76517	8.4395000	714.66162	0.0013992636	1326.2987	1338.1078	3.2434778	3.0544675	5.7150596	916.11706	0.20610890	8.6321511e-05	0.55451247	0.014642604	45.232935	0.022107785	2565.4002	2751.9789	5.7156470	2.9562353	6.1323008	481.55271	10.927041	1.9515567e-05	0.070169739
299.07166	8.4761500	714.03702	0.0014004876	1327.9466	1339.8174	3.2463765	3.0540961	5.7237266	914.45465	0.20805388	8.6205753e-05	0.55405068	0.014572317	45.463131	0.021995846	2564.9644	2751.4045	5.7132303	2.9598277	6.1537406	481.35007	10.900678	1.9531399e-05	0.070349227
299.37714	8.5128000	713.41294	0.0014017127	1329.5908	1341.5233	3.2492672	3.0537307	5.7324332	912.79478	0.21000551	8.6090421e-05	0.55358946	0.014502294	45.693777	0.021884818	2564.5267	2750.8278	5.7108178	2.9634164	6.1752753	481.14695	10.874454	1.9547231e-05	0.070529224
299.68161	8.5494500	712.78937	0.0014029390	1331.2312	1343.2256	3.2521500	3.0533712	5.7411798	911.13741	0.21196384	8.5975510e-05	0.55312879	0.014432532	45.924878	0.021774691	2564.0872	2750.2488	5.7084097	2.9670015	6.1969059	480.94334	10.848370	1.9563063e-05	0.070709736
299.98508	8.5861000	712.16631	0.0014041664	1332.8680	1344.9244	3.2550250	3.0530176	5.7499665	909.48254	0.21392892	8.5861016e-05	0.55266867	0.014363031	46.156434	0.021665452	2563.6457	2749.6675	5.7060059	2.9705828	6.2186333	480.73925	10.822422	1.9578897e-05	0.070890771
300.28756	8.6227500	711.54375	0.0014053950	1334.5012	1346.6196	3.2578923	3.0526699	5.7587939	907.83014	0.21590079	8.5746932e-05	0.55220910	0.014293788	46.388449	0.021557091	2563.2024	2749.0838	5.7036062	2.9741607	6.2404583	480.53467	10.796611	1.9594732e-05	0.071072334
300.58905	8.6594000	710.92167	0.0014066247	1336.1308	1348.3113	3.2607518	3.0523281	5.7676622	906.18019	0.21787949	8.5633256e-05	0.55175007	0.014224802	46.620924	0.021449596	2562.7572	2748.4978	5.7012106	2.9777350	6.2623818	480.32962	10.770933	1.9610569e-05	0.071254432
300.88956	8.6960500	710.30007	0.0014078557	1337.7568	1349.9996	3.2636038	3.0519921	5.7765719	904.53266	0.21986509	8.5519982e-05	0.55129157	0.014156070	46.853862	0.021342958	2562.3101	2747.9095	5.6988191	2.9813058	6.2844048	480.12408	10.745388	1.9626408e-05	0.071437071
301.18909	8.7327000	709.67894	0.0014090879	1339.3793	1351.6845	3.2664482	3.0516620	5.7855232	902.88753	0.22185761	8.5407106e-05	0.55083361	0.014087593	47.087265	0.021237165	2561.8611	2747.3189	5.6964316	2.9848732	6.3065282	479.91806	10.719974	1.9642249e-05	0.071620259
301.48767	8.7693500	709.05827	0.0014103213	1340.9983	1353.3659	3.2692851	3.0513378	5.7945166	901.24478	0.22385712	8.5294623e-05	0.55037618	0.014019367	47.321136	0.021132206	2561.4103	2746.7260	5.6940480	2.9884372	6.3287529	479.71157	10.694689	1.9658093e-05	0.071804001
301.78528	8.8060000	708.43805	0.0014115560	1342.6138	1355.0440	3.2721147	3.0510194	5.8035525	899.60440	0.22586367	8.5182529e-05	0.54991927	0.013951391	47.555477	0.021028072	2560.9576	2746.1308	5.6916684	2.9919980	6.3510797	479.50460	10.669534	1.9673941e-05	0.071988304
302.08195	8.8426500	707.81827	0.0014127920	1344.2259	1356.7188	3.2749369	3.0507068	5.8126311	897.96635	0.22787728	8.5070820e-05	0.54946288	0.013883664	47.790291	0.020924752	2560.5030	2745.5333	5.6892926	2.9955554	6.3735098	479.29715	10.644505	1.9689793e-05	0.072173175
302.37767	8.8793000	707.19892	0.0014140293	1345.8346	1358.3902	3.2777518	3.0504000	5.8217529	896.33063	0.22989803	8.4959491e-05	0.54900700	0.013816184	48.025579	0.020822237	2560.0466	2744.9335	5.6869205	2.9991097	6.3960440	479.08923	10.619602	1.9705648e-05	0.072358620
302.67246	8.9159500	706.58000	0.0014152679	1347.4400	1360.0584	3.2805596	3.0500991	5.8309183	894.69720	0.23192596	8.4848538e-05	0.54855163	0.013748949	48.261345	0.020720516	2559.5883	2744.3314	5.6845522	3.0026608	6.4186833	478.88083	10.594823	1.9721508e-05	0.072544646
302.96631	8.9526000	705.96148	0.0014165079	1349.0420	1361.7234	3.2833602	3.0498039	5.8401276	893.06604	0.23396110	8.4737957e-05	0.54809677	0.013681959	48.497591	0.020619581	2559.1281	2743.7270	5.6821876	3.0062087	6.4414287	478.67197	10.570167	1.9737373e-05	0.072731260
303.25924	8.9892500	705.34338	0.0014177492	1350.6407	1363.3852	3.2861538	3.0495145	5.8493813	891.43715	0.23600353	8.4627743e-05	0.54764241	0.013615211	48.734319	0.020519421	2558.6661	2743.1203	5.6798266	3.0097536	6.4642811	478.46262	10.545633	1.9753243e-05	0.072918469
303.55125	9.0259000	704.72567	0.0014189919	1352.2361	1365.0438	3.2889403	3.0492308	5.8586797	889.81049	0.23805328	8.4517893e-05	0.54718855	0.013548705	48.971532	0.020420027	2558.2022	2742.5114	5.6774692	3.0132955	6.4872415	478.25281	10.521220	1.9769118e-05	0.073106279
303.84235	9.0625500	704.10835	0.0014202360	1353.8282	1366.6992	3.2917200	3.0489529	5.8680232	888.18604	0.24011041	8.4408402e-05	0.54673518	0.013482437	49.209232	0.020321390	2557.7365	2741.9001	5.6751153	3.0168344	6.5103110	478.04253	10.496925	1.9785000e-05	0.073294698
304.13255	9.0992000	703.49140	0.0014214815	1355.4172	1368.3515	3.2944927	3.0486808	5.8774123	886.56379	0.24217496	8.4299267e-05	0.54628230	0.013416408	49.447421	0.020223501	2557.2689	2741.2866	5.6727649	3.0203704	6.5334905	477.83178	10.472749	1.9800887e-05	0.073483733
304.42184	9.1358500	702.87483	0.0014227284	1357.0030	1370.0008	3.2972586	3.0484144	5.8868473	884.94373	0.24424699	8.4190484e-05	0.54582990	0.013350616	49.686104	0.020126352	2556.7994	2740.6708	5.6704179	3.0239036	6.5567811	477.62056	10.448689	1.9816782e-05	0.073673389
304.71025	9.1725000	702.25862	0.0014239768	1358.5856	1371.6470	3.3000178	3.0481538	5.8963287	883.32581	0.24632655	8.4082049e-05	0.54537798	0.013285059	49.925281	0.020029932	2556.3281	2740.0527	5.6680743	3.0274339	6.5801838	477.40887	10.424744	1.9832683e-05	0.073863675
304.99777	9.2091500	701.64276	0.0014252267	1360.1650	1373.2902	3.3027704	3.0478988	5.9058568	881.71004	0.24841369	8.3973957e-05	0.54492654	0.013219736	50.164955	0.019934235	2555.8549	2739.4323	5.6657339	3.0309614	6.6036997	477.19672	10.400914	1.9848592e-05	0.074054598
305.28441	9.2458000	701.02725	0.0014264781	1361.7414	1374.9303	3.3055163	3.0476496	5.9154322	880.09638	0.25050846	8.3866205e-05	0.54447557	0.013154645	50.405130	0.019839251	2555.3799	2738.8096	5.6633969	3.0344862	6.6273297	476.98409	10.377197	1.9864508e-05	0.074246164
305.57017	9.2824500	700.41207	0.0014277310	1363.3147	1376.5676	3.3082556	3.0474061	5.9250551	878.48483	0.25261091	8.3758790e-05	0.54402507	0.013089786	50.645807	0.019744971	2554.9030	2738.1847	5.6610631	3.0380083	6.6510750	476.77101	10.353592	1.9880433e-05	0.074438380
305.85507	9.3191000	699.79722	0.0014289854	1364.8850	1378.2018	3.3109884	3.0471683	5.9347261	876.87536	0.25472111	8.3651708e-05	0.54357503	0.013025156	50.886989	0.019651389	2554.4243	2737.5575	5.6587324	3.0415277	6.6749366	476.55745	10.330097	1.9896366e-05	0.074631255
306.13910	9.3557500	699.18269	0.0014302414	1366.4522	1379.8332	3.3137148	3.0469362	5.9444455	875.26795	0.25683909	8.3544954e-05	0.54312545	0.012960755	51.128680	0.019558494	2553.9437	2736.9281	5.6564049	3.0450446	6.6989156	476.34343	10.306712	1.9912308e-05	0.074824795
306.42228	9.3924000	698.56847	0.0014314989	1368.0165	1381.4617	3.3164348	3.0467098	5.9542138	873.66258	0.25896491	8.3438526e-05	0.54267633	0.012896581	51.370881	0.019466281	2553.4612	2736.2963	5.6540804	3.0485589	6.7230132	476.12895	10.283436	1.9928259e-05	0.075019008
306.70461	9.4290500	697.95455	0.0014327580	1369.5778	1383.0873	3.3191484	3.0464891	5.9640315	872.05924	0.26109864	8.3332419e-05	0.54222766	0.012832633	51.613595	0.019374740	2552.9769	2735.6623	5.6517590	3.0520708	6.7472303	475.91401	10.260267	1.9944220e-05	0.075213901
306.98609	9.4657000	697.34093	0.0014340188	1371.1361	1384.7101	3.3218558	3.0462740	5.9738990	870.45791	0.26324031	8.3226631e-05	0.54177943	0.012768909	51.856826	0.019283865	2552.4908	2735.0260	5.6494405	3.0555801	6.7715682	475.69860	10.237204	1.9960190e-05	0.075409481
307.26674	9.5023500	696.72760	0.0014352812	1372.6916	1386.3301	3.3245570	3.0460647	5.9838167	868.85856	0.26538999	8.3121157e-05	0.54133165	0.012705408	52.100575	0.019193646	2552.0027	2734.3875	5.6471250	3.0590871	6.7960280	475.48273	10.214246	1.9976171e-05	0.075605756
307.54655	9.5390000	696.11454	0.0014365452	1374.2442	1387.9474	3.3272520	3.0458610	5.9937852	867.26119	0.26754773	8.3015995e-05	0.54088431	0.012642129	52.344845	0.019104078	2551.5129	2733.7467	5.6448123	3.0625916	6.8206107	475.26639	10.191392	1.9992163e-05	0.075802734
307.82553	9.5756500	695.50176	0.0014378109	1375.7939	1389.5619	3.3299409	3.0456630	6.0038048	865.66578	0.26971358	8.2911141e-05	0.54043741	0.012579071	52.589640	0.019015152	2551.0211	2733.1036	5.6425025	3.0660939	6.8453177	475.04960	10.168642	2.0008165e-05	0.076000422
308.10369	9.6123000	694.88923	0.0014390783	1377.3408	1391.1737	3.3326238	3.0454707	6.0138760	864.07229	0.27188761	8.2806591e-05	0.53999093	0.012516233	52.834961	0.018926862	2550.5276	2732.4582	5.6401955	3.0695939	6.8701499	474.83234	10.145993	2.0024179e-05	0.076198827
308.38103	9.6489500	694.27696	0.0014403474	1378.8849	1392.7827	3.3353007	3.0452840	6.0239993	862.48073	0.27406986	8.2702342e-05	0.53954489	0.012453612	53.080813	0.018839199	2550.0321	2731.8106	5.6378912	3.0730916	6.8951087	474.61462	10.123445	2.0040205e-05	0.076397959
308.65756	9.6856000	693.66494	0.0014416182	1380.4262	1394.3892	3.3379716	3.0451030	6.0341752	860.89107	0.27626040	8.2598391e-05	0.53909926	0.012391209	53.327197	0.018752158	2549.5348	2731.1607	5.6355897	3.0765872	6.9201951	474.39645	10.100998	2.0056242e-05	0.076597823
308.93328	9.7222500	693.05315	0.0014428908	1381.9648	1395.9929	3.3406367	3.0449277	6.0444041	859.30329	0.27845928	8.2494735e-05	0.53865406	0.012329021	53.574116	0.018665730	2549.0357	2730.5086	5.6332908	3.0800806	6.9454105	474.17781	10.078649	2.0072292e-05	0.076798428
309.20821	9.7589000	692.44160	0.0014441651	1383.5006	1397.5941	3.3432959	3.0447580	6.0546866	857.71738	0.28066655	8.2391370e-05	0.53820928	0.012267048	53.821574	0.018579910	2548.5346	2729.8541	5.6309945	3.0835719	6.9707559	473.95871	10.056398	2.0088355e-05	0.076999782
309.48233	9.7955500	691.83026	0.0014454412	1385.0338	1399.1927	3.3459494	3.0445940	6.0650232	856.13332	0.28288228	8.2288293e-05	0.53776491	0.012205289	54.069573	0.018494690	2548.0318	2729.1974	5.6287008	3.0870611	6.9962328	473.73915	10.034244	2.0104431e-05	0.077201894
309.75567	9.8322000	691.21915	0.0014467192	1386.5643	1400.7887	3.3485971	3.0444357	6.0754142	854.55109	0.28510653	8.2185501e-05	0.53732094	0.012143741	54.318115	0.018410064	2547.5270	2728.5385	5.6264096	3.0905483	7.0218422	473.51913	10.012186	2.0120521e-05	0.077404770
310.02821	9.8688500	690.60823	0.0014479990	1388.0921	1402.3822	3.3512392	3.0442830	6.0858604	852.97067	0.28733934	8.2082991e-05	0.53687739	0.012082405	54.567205	0.018326026	2547.0204	2727.8772	5.6241208	3.0940336	7.0475855	473.29866	9.9902230	2.0136624e-05	0.077608419
310.29998	9.9055000	689.99752	0.0014492806	1389.6173	1403.9731	3.3538756	3.0441360	6.0963620	851.39206	0.28958079	8.1980759e-05	0.53643423	0.012021279	54.816845	0.018242568	2546.5120	2727.2137	5.6218346	3.0975169	7.0734639	473.07772	9.9683540	2.0152741e-05	0.077812850
310.57097	9.9421500	689.38700	0.0014505641	1391.1399	1405.5616	3.3565065	3.0439947	6.1069197	849.81523	0.29183092	8.1878803e-05	0.53599147	0.011960362	55.067038	0.018159684	2546.0017	2726.5480	5.6195507	3.1009983	7.0994787	472.85633	9.9465782	2.0168874e-05	0.078018070
310.84119	9.9788000	688.77666	0.0014518494	1392.6599	1407.1476	3.3591318	3.0438590	6.1175341	848.24016	0.29408981	8.1777120e-05	0.53554911	0.011899652	55.317786	0.018077368	2545.4895	2725.8799	5.6172691	3.1044779	7.1256312	472.63447	9.9248945	2.0185021e-05	0.078224087
311.11064	10.015450	688.16650	0.0014531367	1394.1774	1408.7312	3.3617517	3.0437290	6.1282055	846.66685	0.29635751	8.1675707e-05	0.53510714	0.011839149	55.569094	0.017995615	2544.9754	2725.2096	5.6149899	3.1079557	7.1519227	472.41216	9.9033022	2.0201183e-05	0.078430911
311.37933	10.052100	687.55650	0.0014544259	1395.6923	1410.3124	3.3643662	3.0436046	6.1389346	845.09526	0.29863408	8.1574560e-05	0.53466555	0.011778851	55.820963	0.017914417	2544.4595	2724.5370	5.6127129	3.1114317	7.1783546	472.18939	9.8818002	2.0217361e-05	0.078638549
311.64727	10.088750	686.94666	0.0014557171	1397.2048	1411.8911	3.3669753	3.0434859	6.1497218	843.52540	0.30091958	8.1473677e-05	0.53422435	0.011718758	56.073397	0.017833769	2543.9417	2723.8621	5.6104382	3.1149059	7.2049282	471.96616	9.8603876	2.0233555e-05	0.078847010
311.91445	10.125400	686.33698	0.0014570102	1398.7147	1413.4675	3.3695790	3.0433730	6.1605678	841.95723	0.30321408	8.1373054e-05	0.53378353	0.011658869	56.326399	0.017753665	2543.4220	2723.1850	5.6081657	3.1183785	7.2316449	471.74247	9.8390637	2.0249765e-05	0.079056302
312.18089	10.162050	685.72744	0.0014583054	1400.2222	1415.0416	3.3721775	3.0432656	6.1714731	840.39075	0.30551763	8.1272690e-05	0.53334308	0.011599181	56.579972	0.017674098	2542.9005	2722.5056	5.6058953	3.1218495	7.2585060	471.51832	9.8178275	2.0265992e-05	0.079266434
312.44658	10.198700	685.11804	0.0014596025	1401.7273	1416.6133	3.3747708	3.0431640	6.1824382	838.82594	0.30783031	8.1172581e-05	0.53290301	0.011539695	56.834120	0.017595064	2542.3771	2721.8239	5.6036270	3.1253189	7.2855130	471.29372	9.7966781	2.0282236e-05	0.079477415
312.71153	10.235350	684.50877	0.0014609017	1403.2299	1418.1828	3.3773589	3.0430681	6.1934638	837.26278	0.31015216	8.1072723e-05	0.53246331	0.011480410	57.088845	0.017516557	2541.8518	2721.1399	5.6013607	3.1287867	7.3126671	471.06865	9.7756147	2.0298498e-05	0.079689254
312.97575	10.272000	683.89962	0.0014622029	1404.7302	1419.7499	3.3799419	3.0429778	6.2045503	835.70126	0.31248327	8.0973116e-05	0.53202397	0.011421323	57.344150	0.017438570	2541.3246	2720.4536	5.5990965	3.1322530	7.3399700	470.84313	9.7546365	2.0314777e-05	0.079901959
313.23924	10.308650	683.29059	0.0014635062	1406.2281	1421.3149	3.3825198	3.0428932	6.2156984	834.14136	0.31482369	8.0873755e-05	0.53158500	0.011362435	57.600040	0.017361099	2540.7956	2719.7651	5.5968343	3.1357178	7.3674229	470.61715	9.7337426	2.0331075e-05	0.080115539
313.50201	10.345300	682.68166	0.0014648116	1407.7236	1422.8776	3.3850926	3.0428144	6.2269087	832.58306	0.31717348	8.0774638e-05	0.53114639	0.011303743	57.856516	0.017284138	2540.2646	2719.0742	5.5945740	3.1391812	7.3950274	470.39071	9.7129321	2.0347391e-05	0.080330004
313.76405	10.381950	682.07283	0.0014661191	1409.2169	1424.4380	3.3876605	3.0427412	6.2381817	831.02635	0.31953271	8.0675762e-05	0.53070813	0.011245248	58.113582	0.017207681	2539.7318	2718.3811	5.5923156	3.1426432	7.4227849	470.16381	9.6922044	2.0363726e-05	0.080545361
314.02538	10.418600	681.46410	0.0014674287	1410.7078	1425.9963	3.3902234	3.0426738	6.2495181	829.47122	0.32190146	8.0577125e-05	0.53027023	0.011186949	58.371242	0.017131724	2539.1971	2717.6857	5.5900590	3.1461038	7.4506970	469.93645	9.6715585	2.0380080e-05	0.080761621
314.28600	10.455250	680.85545	0.0014687405	1412.1964	1427.5525	3.3927814	3.0426121	6.2609184	827.91765	0.32427978	8.0478724e-05	0.52983267	0.011128843	58.629499	0.017056260	2538.6605	2716.9880	5.5878043	3.1495632	7.4787650	469.70863	9.6509937	2.0396454e-05	0.080978793
314.54591	10.491900	680.24687	0.0014700545	1413.6828	1429.1065	3.3953346	3.0425561	6.2723833	826.36562	0.32666774	8.0380555e-05	0.52939546	0.011070931	58.888355	0.016981286	2538.1220	2716.2879	5.5855514	3.1530212	7.5069907	469.48035	9.6305091	2.0412848e-05	0.081196886
314.80512	10.528550	679.63837	0.0014713707	1415.1670	1430.6584	3.3978830	3.0425059	6.2839135	824.81512	0.32906541	8.0282618e-05	0.52895859	0.011013211	59.147816	0.016906795	2537.5816	2715.5856	5.5833002	3.1564781	7.5353754	469.25161	9.6101040	2.0429262e-05	0.081415909
315.06362	10.565200	679.02993	0.0014726891	1416.6489	1432.2082	3.4004266	3.0424614	6.2955094	823.26613	0.33147285	8.0184908e-05	0.52852207	0.010955682	59.407882	0.016832783	2537.0393	2714.8810	5.5810507	3.1599337	7.5639209	469.02241	9.5897777	2.0445696e-05	0.081635872
315.32143	10.601850	678.42154	0.0014740098	1418.1287	1433.7559	3.4029654	3.0424227	6.3071718	821.71864	0.33389015	8.0087424e-05	0.52808588	0.010898344	59.668560	0.016759245	2536.4951	2714.1741	5.5788029	3.1633882	7.5926286	468.79275	9.5695293	2.0462152e-05	0.081856784
315.57856	10.638500	677.81320	0.0014753327	1419.6063	1435.3016	3.4054996	3.0423897	6.3189014	820.17263	0.33631736	7.9990163e-05	0.52765002	0.010841196	59.929850	0.016686175	2535.9490	2713.4649	5.5765567	3.1668416	7.6215001	468.56263	9.5493581	2.0478629e-05	0.082078655
315.83499	10.675150	677.20491	0.0014766579	1421.0817	1436.8453	3.4080292	3.0423625	6.3306988	818.62809	0.33875456	7.9893123e-05	0.52721449	0.010784236	60.191758	0.016613570	2535.4010	2712.7533	5.5743121	3.1702940	7.6505371	468.33204	9.5292633	2.0495128e-05	0.082301494
316.09074	10.711800	676.59664	0.0014779855	1422.5550	1438.3869	3.4105542	3.0423410	6.3425646	817.08500	0.34120182	7.9796300e-05	0.52677929	0.010727463	60.454287	0.016541424	2534.8511	2712.0395	5.5720690	3.1737453	7.6797412	468.10100	9.5092442	2.0511650e-05	0.082525313
316.34581	10.748450	675.98840	0.0014793153	1424.0262	1439.9266	3.4130746	3.0423254	6.3544995	815.54335	0.34365921	7.9699693e-05	0.52634441	0.010670878	60.717439	0.016469733	2534.2992	2711.3233	5.5698275	3.1771956	7.7091142	467.86949	9.4893002	2.0528193e-05	0.082750119
316.60021	10.785100	675.38018	0.0014806475	1425.4953	1441.4643	3.4155906	3.0423156	6.3665043	814.00312	0.34612680	7.9603298e-05	0.52590985	0.010614478	60.981219	0.016398491	2533.7455	2710.6049	5.5675874	3.1806450	7.7386575	467.63752	9.4694303	2.0544760e-05	0.082975924
316.85394	10.821750	674.77196	0.0014819821	1426.9624	1443.0000	3.4181020	3.0423116	6.3785795	812.46429	0.34860467	7.9507114e-05	0.52547561	0.010558264	61.245630	0.016327695	2533.1898	2709.8840	5.5653488	3.1840934	7.7683731	467.40509	9.4496340	2.0561350e-05	0.083202737
317.10700	10.858400	674.16376	0.0014833191	1428.4274	1444.5338	3.4206091	3.0423134	6.3907260	810.92686	0.35109288	7.9411139e-05	0.52504168	0.010502233	61.510676	0.016257340	2532.6322	2709.1609	5.5631116	3.1875410	7.7982625	467.17219	9.4299106	2.0577964e-05	0.083430568
317.35939	10.895050	673.55554	0.0014846586	1429.8903	1446.0658	3.4231118	3.0423210	6.4029444	809.39081	0.35359152	7.9315369e-05	0.52460807	0.010446386	61.776360	0.016187422	2532.0727	2708.4355	5.5608757	3.1909878	7.8283276	466.93883	9.4102592	2.0594601e-05	0.083659429
317.61113	10.931700	672.94732	0.0014860004	1431.3513	1447.5958	3.4256101	3.0423345	6.4152354	807.85611	0.35610065	7.9219802e-05	0.52417476	0.010390721	62.042687	0.016117935	2531.5112	2707.7077	5.5586412	3.1944338	7.8585701	466.70500	9.3906793	2.0611263e-05	0.083889328
317.86221	10.968350	672.33908	0.0014873448	1432.8103	1449.1240	3.4281042	3.0423539	6.4275998	806.32276	0.35862036	7.9124437e-05	0.52374176	0.010335238	62.309659	0.016048876	2530.9478	2706.9775	5.5564080	3.1978791	7.8889918	466.47071	9.3711700	2.0627950e-05	0.084120277
318.11264	11.005000	671.73081	0.0014886916	1434.2673	1450.6503	3.4305940	3.0423791	6.4400384	804.79075	0.36115072	7.9029270e-05	0.52330905	0.010279936	62.577280	0.015980241	2530.3825	2706.2450	5.5541760	3.2013236	7.9195944	466.23595	9.3517309	2.0644662e-05	0.084352286
318.36242	11.041650	671.12251	0.0014900409	1435.7224	1452.1749	3.4330795	3.0424102	6.4525517	803.26005	0.36369180	7.8934299e-05	0.52287665	0.010224814	62.845555	0.015912024	2529.8152	2705.5102	5.5519452	3.2047675	7.9503800	466.00072	9.3323611	2.0661399e-05	0.084585365
318.61155	11.078300	670.51416	0.0014913928	1437.1755	1453.6976	3.4355610	3.0424473	6.4651408	801.73065	0.36624369	7.8839522e-05	0.52244454	0.010169870	63.114486	0.015844223	2529.2460	2704.7730	5.5497156	3.2082108	7.9813502	465.76503	9.3130601	2.0678162e-05	0.084819527
318.86005	11.114950	669.90577	0.0014927472	1438.6267	1455.2185	3.4380382	3.0424902	6.4778062	800.20254	0.36880647	7.8744938e-05	0.52201273	0.010115105	63.384079	0.015776833	2528.6748	2704.0335	5.5474872	3.2116535	8.0125070	465.52887	9.2938271	2.0694952e-05	0.085054780
319.10790	11.151600	669.29733	0.0014941043	1440.0761	1456.7377	3.4405114	3.0425391	6.4905488	798.67570	0.37138021	7.8650542e-05	0.52158121	0.010060518	63.654336	0.015709849	2528.1017	2703.2916	5.5452598	3.2150956	8.0438522	465.29224	9.2746614	2.0711768e-05	0.085291136
319.35512	11.188250	668.68882	0.0014954639	1441.5236	1458.2552	3.4429806	3.0425940	6.5033694	797.15012	0.37396499	7.8556335e-05	0.52114997	0.010006107	63.925261	0.015643268	2527.5266	2702.5474	5.5430336	3.2185373	8.0753879	465.05514	9.2555626	2.0728612e-05	0.085528607
319.60172	11.224900	668.08024	0.0014968262	1442.9692	1459.7709	3.4454457	3.0426548	6.5162687	795.62579	0.37656090	7.8462312e-05	0.52071902	0.0099518720	64.196859	0.015577086	2526.9495	2701.8007	5.5408083	3.2219785	8.1071160	464.81757	9.2365298	2.0745482e-05	0.085767203
319.84768	11.261550	667.47159	0.0014981911	1444.4130	1461.2850	3.4479068	3.0427216	6.5292477	794.10267	0.37916801	7.8368472e-05	0.52028835	0.0098978123	64.469133	0.015511299	2526.3705	2701.0517	5.5385841	3.2254192	8.1390385	464.57953	9.2175625	2.0762381e-05	0.086006936
320.09302	11.298200	666.86285	0.0014995587	1445.8550	1462.7973	3.4503640	3.0427944	6.5423071	792.58077	0.38178642	7.8274812e-05	0.51985795	0.0098439269	64.742087	0.015445903	2525.7895	2700.3004	5.5363608	3.2288596	8.1711572	464.34102	9.1986601	2.0779308e-05	0.086247816
320.33774	11.334850	666.25402	0.0015009290	1447.2952	1464.3080	3.4528174	3.0428732	6.5554478	791.06007	0.38441620	7.8181331e-05	0.51942783	0.0097902150	65.015726	0.015380894	2525.2065	2699.5466	5.5341385	3.2322997	8.2034744	464.10204	9.1798219	2.0796263e-05	0.086489856
320.58185	11.371500	665.64509	0.0015023021	1448.7336	1465.8171	3.4552668	3.0429581	6.5686706	789.54055	0.38705744	7.8088027e-05	0.51899799	0.0097366760	65.290052	0.015316269	2524.6215	2698.7905	5.5319171	3.2357394	8.2359921	463.86258	9.1610473	2.0813248e-05	0.086733067
320.82534	11.408150	665.03605	0.0015036779	1450.1703	1467.3245	3.4577125	3.0430490	6.5819764	788.02220	0.38971022	7.7994896e-05	0.51856841	0.0096833091	65.565072	0.015252023	2524.0346	2698.0319	5.5296965	3.2391789	8.2687123	463.62265	9.1423356	2.0830261e-05	0.086977460
321.06822	11.444800	664.42690	0.0015050565	1451.6053	1468.8304	3.4601543	3.0431460	6.5953660	786.50500	0.39237464	7.7901938e-05	0.51813911	0.0096301135	65.840787	0.015188154	2523.4456	2697.2710	5.5274767	3.2426182	8.3016371	463.38224	9.1236864	2.0847305e-05	0.087223048
321.31050	11.481450	663.81762	0.0015064379	1453.0385	1470.3346	3.4625924	3.0432490	6.6088404	784.98893	0.39505077	7.7809149e-05	0.51771006	0.0095770886	66.117204	0.015124657	2522.8547	2696.5077	5.5252578	3.2460573	8.3347687	463.14136	9.1050989	2.0864379e-05	0.087469843
321.55217	11.518100	663.20822	0.0015078221	1454.4700	1471.8373	3.4650268	3.0433583	6.6224005	783.47399	0.39773871	7.7716528e-05	0.51728128	0.0095242335	66.394325	0.015061528	2522.2617	2695.7419	5.5230395	3.2494963	8.3681094	462.89999	9.0865727	2.0881483e-05	0.087717855
321.79324	11.554750	662.59869	0.0015092091	1455.8999	1473.3384	3.4674576	3.0434736	6.6360471	781.96016	0.40043854	7.7624073e-05	0.51685276	0.0094715475	66.672155	0.014998765	2521.6668	2694.9737	5.5208220	3.2529352	8.4016611	462.65815	9.0681070	2.0898618e-05	0.087967098
322.03371	11.591400	661.98901	0.0015105991	1457.3281	1474.8381	3.4698847	3.0435951	6.6497813	780.44741	0.40315036	7.7531782e-05	0.51642449	0.0094190300	66.950698	0.014936364	2521.0698	2694.2032	5.5186052	3.2563740	8.4354263	462.41583	9.0497014	2.0915785e-05	0.088217585
322.27359	11.628050	661.37918	0.0015119920	1458.7547	1476.3362	3.4723082	3.0437228	6.6636039	778.93574	0.40587426	7.7439652e-05	0.51599648	0.0093666802	67.229959	0.014874321	2520.4708	2693.4301	5.5163890	3.2598128	8.4694072	462.17303	9.0313552	2.0932984e-05	0.088469326
322.51288	11.664700	660.76919	0.0015133878	1460.1796	1477.8328	3.4747282	3.0438567	6.6775159	777.42514	0.40861033	7.7347682e-05	0.51556872	0.0093144975	67.509942	0.014812633	2519.8698	2692.6547	5.5141735	3.2632517	8.5036060	461.92975	9.0130679	2.0950214e-05	0.088722335
322.75158	11.701350	660.15903	0.0015147865	1461.6029	1479.3280	3.4771446	3.0439968	6.6915183	775.91558	0.41135866	7.7255869e-05	0.51514121	0.0092624811	67.790651	0.014751297	2519.2667	2691.8768	5.5119585	3.2666906	8.5380251	461.68599	8.9948389	2.0967478e-05	0.088976624
322.98970	11.738000	659.54870	0.0015161883	1463.0247	1480.8217	3.4795576	3.0441431	6.7056121	774.40704	0.41411935	7.7164212e-05	0.51471394	0.0092106303	68.072091	0.014690308	2518.6616	2691.0965	5.5097441	3.2701296	8.5726669	461.44174	8.9766677	2.0984774e-05	0.089232206
323.22724	11.774650	658.93820	0.0015175930	1464.4448	1482.3140	3.4819671	3.0442958	6.7197983	772.89953	0.41689249	7.7072709e-05	0.51428692	0.0091589445	68.354266	0.014629665	2518.0545	2690.3137	5.5075301	3.2735688	8.6075336	461.19700	8.9585536	2.1002104e-05	0.089489095
323.46419	11.811300	658.32750	0.0015190008	1465.8635	1483.8048	3.4843732	3.0444547	6.7340779	771.39301	0.41967818	7.6981356e-05	0.51386014	0.0091074230	68.637181	0.014569363	2517.4453	2689.5284	5.5053167	3.2770082	8.6426279	460.95178	8.9404962	2.1019467e-05	0.089747302
323.70058	11.847950	657.71661	0.0015204117	1467.2806	1485.2943	3.4867759	3.0446200	6.7484519	769.88747	0.42247652	7.6890154e-05	0.51343359	0.0090560652	68.920840	0.014509400	2516.8341	2688.7407	5.5031037	3.2804478	8.6779520	460.70608	8.9224949	2.1036865e-05	0.090006842
323.93639	11.884600	657.10551	0.0015218256	1468.6961	1486.7824	3.4891753	3.0447916	6.7629214	768.38290	0.42528761	7.6799098e-05	0.51300728	0.0090048703	69.205247	0.014449771	2516.2208	2687.9505	5.5008911	3.2838878	8.7135085	460.45988	8.9045491	2.1054298e-05	0.090267727
324.17163	11.921250	656.49421	0.0015232427	1470.1102	1488.2692	3.4915714	3.0449696	6.7774875	766.87929	0.42811154	7.6708189e-05	0.51258121	0.0089538377	69.490408	0.014390475	2515.6054	2687.1579	5.4986788	3.2873280	8.7492999	460.21319	8.8866583	2.1071766e-05	0.090529971
324.40630	11.957900	655.88268	0.0015246629	1471.5228	1489.7546	3.4939642	3.0451540	6.7921512	765.37661	0.43094843	7.6617422e-05	0.51215536	0.0089029668	69.776326	0.014331508	2514.9880	2686.3627	5.4964669	3.2907686	8.7853288	459.96601	8.8688220	2.1089269e-05	0.090793587
324.64041	11.994550	655.27094	0.0015260863	1472.9340	1491.2387	3.4963537	3.0453448	6.8069137	763.87485	0.43379836	7.6526798e-05	0.51172975	0.0088522569	70.063008	0.014272867	2514.3685	2685.5651	5.4942553	3.2942096	8.8215977	459.71834	8.8510397	2.1106808e-05	0.091058590
324.87396	12.031200	654.65895	0.0015275129	1474.3437	1492.7215	3.4987401	3.0455421	6.8217760	762.37399	0.43666145	7.6436313e-05	0.51130436	0.0088017074	70.350457	0.014214549	2513.7469	2684.7650	5.4920440	3.2976511	8.8581093	459.47018	8.8333108	2.1124384e-05	0.091324992
325.10696	12.067850	654.04673	0.0015289427	1475.7519	1494.2030	3.5011234	3.0457459	6.8367394	760.87402	0.43953779	7.6345966e-05	0.51087919	0.0087513177	70.638678	0.014156550	2513.1232	2683.9623	5.4898329	3.3010931	8.8948664	459.22152	8.8156348	2.1141996e-05	0.091592809
325.33939	12.104500	653.43426	0.0015303758	1477.1588	1495.6832	3.5035034	3.0459562	6.8518049	759.37492	0.44242750	7.6255755e-05	0.51045425	0.0087010870	70.927675	0.014098869	2512.4974	2683.1571	5.4876220	3.3045356	8.9318714	458.97236	8.7980112	2.1159646e-05	0.091862054
325.57128	12.141150	652.82153	0.0015318122	1478.5643	1497.1622	3.5058804	3.0461731	6.8669737	757.87667	0.44533069	7.6165678e-05	0.51002952	0.0086510150	71.217455	0.014041501	2511.8695	2682.3495	5.4854113	3.3079787	8.9691273	458.72270	8.7804395	2.1177333e-05	0.092132741
325.80261	12.177800	652.20854	0.0015332519	1479.9684	1498.6400	3.5082544	3.0463965	6.8822471	756.37927	0.44824746	7.6075733e-05	0.50960501	0.0086011008	71.508022	0.013984445	2511.2395	2681.5392	5.4832007	3.3114225	9.0066368	458.47255	8.7629191	2.1195059e-05	0.092404885
326.03340	12.214450	651.59528	0.0015346950	1481.3711	1500.1166	3.5106253	3.0466266	6.8976263	754.88268	0.45117792	7.5985918e-05	0.50918071	0.0085513439	71.799380	0.013927697	2510.6073	2680.7265	5.4809902	3.3148669	9.0444028	458.22189	8.7454497	2.1212823e-05	0.092678501
326.26365	12.251100	650.98173	0.0015361414	1482.7725	1501.5920	3.5129933	3.0468633	6.9131125	753.38690	0.45412219	7.5896232e-05	0.50875663	0.0085017438	72.091535	0.013871254	2509.9731	2679.9112	5.4787797	3.3183120	9.0824280	457.97072	8.7280306	2.1230626e-05	0.092953603
326.49336	12.287750	650.36790	0.0015375913	1484.1726	1503.0662	3.5153582	3.0471066	6.9287069	751.89191	0.45708037	7.5806672e-05	0.50833276	0.0084522997	72.384492	0.013815114	2509.3367	2679.0933	5.4765693	3.3217579	9.1207155	457.71906	8.7106614	2.1248469e-05	0.093230206
326.72252	12.324400	649.75378	0.0015390445	1485.5714	1504.5392	3.5177203	3.0473567	6.9444108	750.39769	0.46005258	7.5717236e-05	0.50790909	0.0084030112	72.678256	0.013759273	2508.6981	2678.2729	5.4743589	3.3252046	9.1592681	457.46688	8.6933416	2.1266351e-05	0.093508325
326.95115	12.361050	649.13935	0.0015405013	1486.9689	1506.0111	3.5200795	3.0476136	6.9602256	748.90422	0.46303895	7.5627923e-05	0.50748563	0.0083538776	72.972832	0.013703730	2508.0574	2677.4499	5.4721484	3.3286522	9.1980889	457.21420	8.6760707	2.1284274e-05	0.093787976
327.17925	12.397700	648.52461	0.0015419615	1488.3651	1507.4819	3.5224358	3.0478772	6.9761525	747.41149	0.46603958	7.5538731e-05	0.50706237	0.0083048984	73.268225	0.013648481	2507.4146	2676.6244	5.4699379	3.3321006	9.2371808	456.96101	8.6588483	2.1302238e-05	0.094069173
327.40682	12.434350	647.90955	0.0015434253	1489.7601	1508.9516	3.5247893	3.0481477	6.9921929	745.91948	0.46905459	7.5449658e-05	0.50663932	0.0082560729	73.564441	0.013593524	2506.7696	2675.7962	5.4677272	3.3355500	9.2765471	456.70731	8.6416738	2.1320244e-05	0.094351933
327.63386	12.471000	647.29417	0.0015448926	1491.1538	1510.4202	3.5271401	3.0484250	7.0083482	744.42817	0.47208411	7.5360703e-05	0.50621646	0.0082074008	73.861485	0.013538856	2506.1224	2674.9655	5.4655165	3.3390004	9.3161908	456.45309	8.6245467	2.1338291e-05	0.094636271
327.86037	12.507650	646.67845	0.0015463636	1492.5464	1511.8877	3.5294880	3.0487092	7.0246197	742.93754	0.47512826	7.5271862e-05	0.50579380	0.0081588812	74.159361	0.013484474	2505.4730	2674.1321	5.4633055	3.3424519	9.3561150	456.19836	8.6074667	2.1356380e-05	0.094922204
328.08637	12.544300	646.06239	0.0015478381	1493.9377	1513.3542	3.5318333	3.0490003	7.0410089	741.44758	0.47818716	7.5183135e-05	0.50537134	0.0081105138	74.458077	0.013430376	2504.8214	2673.2961	5.4610943	3.3459044	9.3963231	455.94311	8.5904332	2.1374512e-05	0.095209746
328.31184	12.580950	645.44597	0.0015493164	1495.3278	1514.8197	3.5341759	3.0492984	7.0575172	739.95827	0.48126094	7.5094520e-05	0.50494907	0.0080622980	74.757636	0.013376560	2504.1677	2672.4575	5.4588829	3.3493580	9.4368183	455.68734	8.5734458	2.1392687e-05	0.095498914
328.53679	12.617600	644.82920	0.0015507983	1496.7168	1516.2842	3.5365158	3.0496035	7.0741461	738.46959	0.48434972	7.5006015e-05	0.50452699	0.0080142332	75.058045	0.013323022	2503.5117	2671.6163	5.4566712	3.3528128	9.4776039	455.43105	8.5565041	2.1410906e-05	0.095789726
328.76123	12.654250	644.21206	0.0015522839	1498.1046	1517.7476	3.5388532	3.0499157	7.0908970	736.98152	0.48745363	7.4917618e-05	0.50410510	0.0079663189	75.359309	0.013269761	2502.8535	2670.7724	5.4544592	3.3562689	9.5186833	455.17423	8.5396074	2.1429169e-05	0.096082197
328.98516	12.690900	643.59455	0.0015537733	1499.4913	1519.2101	3.5411879	3.0502350	7.1077715	735.49404	0.49057281	7.4829327e-05	0.50368339	0.0079185545	75.661434	0.013216773	2502.1931	2669.9259	5.4522468	3.3597262	9.5600600	454.91690	8.5227555	2.1447477e-05	0.096376344
329.20857	12.727550	642.97665	0.0015552664	1500.8769	1520.6717	3.5435201	3.0505614	7.1247711	734.00714	0.49370738	7.4741141e-05	0.50326187	0.0078709395	75.964426	0.013164057	2501.5305	2669.0767	5.4500341	3.3631848	9.6017373	454.65903	8.5059479	2.1465830e-05	0.096672184
329.43148	12.764200	642.35835	0.0015567634	1502.2614	1522.1323	3.5458498	3.0508950	7.1418975	732.52079	0.49685749	7.4653057e-05	0.50284054	0.0078234735	76.268289	0.013111609	2500.8656	2668.2248	5.4478209	3.3666448	9.6437189	454.40064	8.4891841	2.1484229e-05	0.096969735
329.65389	12.800850	641.73966	0.0015582643	1503.6448	1523.5919	3.5481770	3.0512358	7.1591521	731.03498	0.50002326	7.4565074e-05	0.50241938	0.0077761559	76.573031	0.013059428	2500.1985	2667.3703	5.4456073	3.3701063	9.6860083	454.14171	8.4724636	2.1502673e-05	0.097269014
329.87579	12.837500	641.12056	0.0015597690	1505.0272	1525.0507	3.5505018	3.0515839	7.1765366	729.54968	0.50320484	7.4477191e-05	0.50199841	0.0077289861	76.878657	0.013007511	2499.5291	2666.5130	5.4433932	3.3735692	9.7286092	453.88225	8.4557860	2.1521165e-05	0.097570038
330.09719	12.874150	640.50104	0.0015612777	1506.4085	1526.5086	3.5528241	3.0519394	7.1940528	728.06489	0.50640236	7.4389404e-05	0.50157761	0.0076819637	77.185172	0.012955856	2498.8574	2665.6531	5.4411785	3.3770336	9.7715253	453.62226	8.4391510	2.1539703e-05	0.097872825
330.31809	12.910800	639.88110	0.0015627903	1507.7887	1527.9656	3.5551441	3.0523021	7.2117022	726.58057	0.50961596	7.4301713e-05	0.50115699	0.0076350881	77.492583	0.012904461	2498.1835	2664.7904	5.4389634	3.3804996	9.8147603	453.36173	8.4225580	2.1558290e-05	0.098177393
330.53850	12.947450	639.26072	0.0015643070	1509.1680	1529.4218	3.5574617	3.0526723	7.2294866	725.09671	0.51284580	7.4214116e-05	0.50073655	0.0075883590	77.800896	0.012853322	2497.5073	2663.9250	5.4367476	3.3839672	9.8583181	453.10065	8.4060066	2.1576924e-05	0.098483761
330.75841	12.984100	638.63989	0.0015658276	1510.5463	1530.8771	3.5597771	3.0530500	7.2474077	723.61328	0.51609201	7.4126611e-05	0.50031628	0.0075417757	78.110116	0.012802439	2496.8288	2663.0569	5.4345312	3.3874364	9.9022025	452.83904	8.3894965	2.1595607e-05	0.098791946
330.97783	13.020750	638.01862	0.0015673524	1511.9236	1532.3317	3.5620901	3.0534352	7.2654674	722.13028	0.51935475	7.4039197e-05	0.49989618	0.0074953378	78.420251	0.012751808	2496.1479	2662.1860	5.4323141	3.3909074	9.9464175	452.57688	8.3730271	2.1614340e-05	0.099101968
331.19676	13.057400	637.39688	0.0015688812	1513.2999	1533.7854	3.5644009	3.0538279	7.2836674	720.64767	0.52263416	7.3951870e-05	0.49947625	0.0074490448	78.731306	0.012701428	2495.4648	2661.3124	5.4300964	3.3943802	9.9909671	452.31417	8.3565981	2.1633122e-05	0.099413845
331.41521	13.094050	636.77467	0.0015704142	1514.6753	1535.2384	3.5667095	3.0542283	7.3020096	719.16544	0.52593040	7.3864631e-05	0.49905648	0.0074028962	79.043287	0.012651296	2494.7793	2660.4360	5.4278779	3.3978548	10.035855	452.05092	8.3402090	2.1651954e-05	0.099727596
331.63317	13.130700	636.15199	0.0015719514	1516.0497	1536.6906	3.5690159	3.0546363	7.3204959	717.68356	0.52924362	7.3777476e-05	0.49863689	0.0073568916	79.356202	0.012601410	2494.0915	2659.5569	5.4256586	3.4013313	10.081086	451.78711	8.3238594	2.1670838e-05	0.10004324
331.85065	13.167350	635.52881	0.0015734928	1517.4233	1538.1420	3.5713201	3.0550521	7.3391282	716.20202	0.53257398	7.3690404e-05	0.49821746	0.0073110305	79.670055	0.012551767	2493.4014	2658.6749	5.4234385	3.4048097	10.126664	451.52275	8.3075489	2.1689772e-05	0.10036080
332.06765	13.204000	634.90514	0.0015750384	1518.7960	1539.5928	3.5736222	3.0554756	7.3579085	714.72079	0.53592163	7.3603414e-05	0.49779819	0.0072653124	79.984855	0.012502367	2492.7089	2657.7901	5.4212176	3.4082901	10.172594	451.25783	8.2912771	2.1708759e-05	0.10068029
332.28418	13.240650	634.28096	0.0015765884	1520.1677	1541.0428	3.5759223	3.0559070	7.3768387	713.23985	0.53928674	7.3516503e-05	0.49737909	0.0072197369	80.300607	0.012453206	2492.0140	2656.9025	5.4189958	3.4117725	10.218879	450.99235	8.2750436	2.1727798e-05	0.10100173
332.50022	13.277300	633.65627	0.0015781427	1521.5387	1542.4922	3.5782203	3.0563463	7.3959209	711.75918	0.54266948	7.3429670e-05	0.49696015	0.0071743035	80.617317	0.012404283	2491.3167	2656.0121	5.4167732	3.4152570	10.265524	450.72631	8.2588480	2.1746890e-05	0.10132515
332.71580	13.313950	633.03105	0.0015797013	1522.9088	1543.9408	3.5805163	3.0567935	7.4151572	710.27876	0.54606999	7.3342914e-05	0.49654136	0.0071290117	80.934994	0.012355595	2490.6171	2655.1188	5.4145495	3.4187437	10.312533	450.45970	8.2426898	2.1766036e-05	0.10165056
332.93090	13.350600	632.40530	0.0015812644	1524.2781	1545.3889	3.5828103	3.0572488	7.4345497	708.79856	0.54948847	7.3256231e-05	0.49612274	0.0070838612	81.253643	0.012307141	2489.9150	2654.2227	5.4123249	3.4222326	10.359912	450.19253	8.2265687	2.1785236e-05	0.10197798
333.14553	13.387250	631.77901	0.0015828320	1525.6465	1546.8363	3.5851024	3.0577121	7.4541005	707.31857	0.55292507	7.3169621e-05	0.49570427	0.0070388514	81.573271	0.012258917	2489.2106	2653.3238	5.4100993	3.4257237	10.407664	449.92478	8.2104843	2.1804490e-05	0.10230744
333.35970	13.423900	631.15216	0.0015844040	1527.0142	1548.2831	3.5873926	3.0581836	7.4738118	705.83875	0.55637997	7.3083082e-05	0.49528596	0.0069939820	81.893886	0.012210924	2488.5037	2652.4219	5.4078726	3.4292172	10.455795	449.65646	8.1944362	2.1823800e-05	0.10263896
333.57340	13.460550	630.52475	0.0015859806	1528.3811	1549.7293	3.5896808	3.0586632	7.4936859	704.35909	0.55985335	7.2996612e-05	0.49486781	0.0069492525	82.215494	0.012163158	2487.7944	2651.5171	5.4056448	3.4327130	10.504309	449.38757	8.1784239	2.1843166e-05	0.10297255
333.78664	13.497200	629.89676	0.0015875617	1529.7473	1551.1749	3.5919673	3.0591512	7.5137250	702.87956	0.56334538	7.2910207e-05	0.49444981	0.0069046625	82.538102	0.012115617	2487.0826	2650.6095	5.4034159	3.4362113	10.553211	449.11809	8.1624472	2.1862588e-05	0.10330824
333.99942	13.533850	629.26820	0.0015891475	1531.1127	1552.6200	3.5942519	3.0596475	7.5339315	701.40015	0.56685625	7.2823870e-05	0.49403196	0.0068602116	82.861717	0.012068299	2486.3684	2649.6989	5.4011859	3.4397121	10.602506	448.84804	8.1465055	2.1882068e-05	0.10364605
334.21174	13.570500	628.63904	0.0015907380	1532.4774	1554.0645	3.5965347	3.0601522	7.5543077	699.92081	0.57038614	7.2737596e-05	0.49361427	0.0068158993	83.186347	0.012021203	2485.6517	2648.7854	5.3989546	3.4432154	10.652200	448.57739	8.1305986	2.1901605e-05	0.10398601
334.42360	13.607150	628.00927	0.0015923332	1533.8415	1555.5086	3.5988158	3.0606653	7.5748561	698.44154	0.57393524	7.2651384e-05	0.49319672	0.0067717252	83.511999	0.011974327	2484.9325	2647.8690	5.3967221	3.4467213	10.702296	448.30616	8.1147260	2.1921200e-05	0.10432814
334.63501	13.643800	627.37890	0.0015939331	1535.2048	1556.9521	3.6010952	3.0611870	7.5955792	696.96230	0.57750373	7.2565232e-05	0.49277933	0.0067276890	83.838681	0.011927669	2484.2108	2646.9495	5.3944883	3.4502299	10.752801	448.03434	8.0988873	2.1940854e-05	0.10467245
334.84596	13.680450	626.74790	0.0015955378	1536.5675	1558.3951	3.6033729	3.0617174	7.6164793	695.48307	0.58109182	7.2479139e-05	0.49236208	0.0066837901	84.166399	0.011881226	2483.4866	2646.0272	5.3922533	3.4537413	10.803720	447.76193	8.0830822	2.1960568e-05	0.10501897
335.05647	13.717100	626.11627	0.0015971474	1537.9295	1559.8377	3.6056490	3.0622564	7.6375593	694.00383	0.58469969	7.2393102e-05	0.49194499	0.0066400283	84.495162	0.011834997	2482.7599	2645.1018	5.3900168	3.4572554	10.855058	447.48891	8.0673102	2.1980342e-05	0.10536773
335.26652	13.753750	625.48400	0.0015987619	1539.2909	1561.2799	3.6079235	3.0628042	7.6588215	692.52455	0.58832754	7.2307120e-05	0.49152804	0.0065964031	84.824976	0.011788981	2482.0307	2644.1734	5.3877790	3.4607724	10.906821	447.21530	8.0515711	2.2000176e-05	0.10571875
335.47613	13.790400	624.85107	0.0016003814	1540.6517	1562.7216	3.6101963	3.0633608	7.6802688	691.04521	0.59197558	7.2221190e-05	0.49111124	0.0065529141	85.155851	0.011743174	2481.2989	2643.2420	5.3855398	3.4642923	10.959014	446.94108	8.0358644	2.2020072e-05	0.10607206
335.68530	13.827050	624.21748	0.0016020058	1542.0119	1564.1629	3.6124677	3.0639264	7.7019038	689.56577	0.59564401	7.2135312e-05	0.49069459	0.0065095610	85.487793	0.011697577	2480.5646	2642.3076	5.3832991	3.4678152	11.011643	446.66625	8.0201897	2.2040031e-05	0.10642767
335.89402	13.863700	623.58321	0.0016036352	1543.3715	1565.6038	3.6147375	3.0645010	7.7237294	688.08622	0.59933303	7.2049483e-05	0.49027808	0.0064663433	85.820810	0.011652186	2479.8277	2641.3701	5.3810568	3.4713412	11.064714	446.39081	8.0045468	2.2060051e-05	0.10678561
336.10230	13.900350	622.94825	0.0016052698	1544.7306	1567.0444	3.6170059	3.0650847	7.7457483	686.60652	0.60304287	7.1963701e-05	0.48986172	0.0064232607	86.154911	0.011606999	2479.0882	2640.4295	5.3788131	3.4748703	11.118233	446.11476	7.9889351	2.2080136e-05	0.10714591
336.31014	13.937000	622.31260	0.0016069095	1546.0891	1568.4846	3.6192728	3.0656775	7.7679635	685.12665	0.60677372	7.1877965e-05	0.48944551	0.0063803127	86.490103	0.011562016	2478.3461	2639.4859	5.3765678	3.4784025	11.172205	445.83809	7.9733544	2.2100284e-05	0.10750860
336.51755	13.973650	621.67624	0.0016085543	1547.4472	1569.9245	3.6215383	3.0662796	7.7903779	683.64658	0.61052582	7.1792273e-05	0.48902944	0.0063374991	86.826395	0.011517235	2477.6014	2638.5392	5.3743208	3.4819381	11.226637	445.56079	7.9578043	2.2120497e-05	0.10787369
336.72452	14.010300	621.03916	0.0016102044	1548.8047	1571.3641	3.6238025	3.0668910	7.8129945	682.16628	0.61429938	7.1706622e-05	0.48861352	0.0062948195	87.163796	0.011472653	2476.8540	2637.5893	5.3720722	3.4854769	11.281535	445.28287	7.9422844	2.2140775e-05	0.10824122
336.93105	14.046950	620.40134	0.0016118598	1550.1617	1572.8034	3.6260653	3.0675119	7.8358165	680.68573	0.61809463	7.1621012e-05	0.48819774	0.0062522735	87.502312	0.011428269	2476.1040	2636.6364	5.3698220	3.4890191	11.336905	445.00432	7.9267943	2.2161119e-05	0.10861120
337.13716	14.083600	619.76279	0.0016135206	1551.5183	1574.2425	3.6283268	3.0681423	7.8588470	679.20490	0.62191179	7.1535440e-05	0.48778210	0.0062098607	87.841953	0.011384082	2475.3514	2635.6803	5.3675699	3.4925648	11.392755	444.72514	7.9113337	2.2181530e-05	0.10898368
337.34283	14.120250	619.12348	0.0016151867	1552.8745	1575.6813	3.6305871	3.0687823	7.8820891	677.72375	0.62575109	7.1449904e-05	0.48736661	0.0061675807	88.182728	0.011340089	2474.5961	2634.7210	5.3653161	3.4961140	11.449089	444.44532	7.8959022	2.2202008e-05	0.10935866
337.54808	14.156900	618.48340	0.0016168583	1554.2302	1577.1199	3.6328461	3.0694320	7.9055463	676.24227	0.62961278	7.1364403e-05	0.48695127	0.0061254333	88.524645	0.011296289	2473.8381	2633.7585	5.3630605	3.4996668	11.505916	444.16486	7.8804995	2.2222555e-05	0.10973619
337.75290	14.193550	617.84255	0.0016185353	1555.5855	1578.5583	3.6351039	3.0700916	7.9292217	674.76041	0.63349709	7.1278934e-05	0.48653607	0.0060834181	88.867713	0.011252681	2473.0774	2632.7929	5.3608031	3.5032233	11.563242	443.88376	7.8651252	2.2243170e-05	0.11011629
337.95729	14.230200	617.20090	0.0016202180	1556.9404	1579.9965	3.6373606	3.0707610	7.9531189	673.27816	0.63740425	7.1193497e-05	0.48612101	0.0060415347	89.211940	0.011209262	2472.3140	2631.8240	5.3585437	3.5067835	11.621074	443.60200	7.8497790	2.2263855e-05	0.11049899
338.16127	14.266850	616.55846	0.0016219062	1558.2950	1581.4345	3.6396162	3.0714405	7.9772414	671.79547	0.64133453	7.1108088e-05	0.48570610	0.0059997828	89.557337	0.011166031	2471.5478	2630.8519	5.3562824	3.5103476	11.679418	443.31959	7.8344604	2.2284611e-05	0.11088431
338.36482	14.303500	615.91519	0.0016236001	1559.6492	1582.8724	3.6418706	3.0721301	8.0015926	670.31233	0.64528816	7.1022705e-05	0.48529134	0.0059581621	89.903911	0.011122987	2470.7789	2629.8766	5.3540192	3.5139155	11.738283	443.03653	7.8191692	2.2305437e-05	0.11127229
338.56795	14.340150	615.27110	0.0016252998	1561.0031	1584.3101	3.6441241	3.0728299	8.0261764	668.82870	0.64926541	7.0937348e-05	0.48487672	0.0059166722	90.251672	0.011080127	2470.0073	2628.8979	5.3517539	3.5174874	11.797675	442.75280	7.8039049	2.2326335e-05	0.11166295
338.77067	14.376800	614.62617	0.0016270052	1562.3567	1585.7478	3.6463765	3.0735400	8.0509962	667.34454	0.65326652	7.0852014e-05	0.48446225	0.0058753128	90.600629	0.011037451	2469.2328	2627.9160	5.3494865	3.5210634	11.857603	442.46841	7.7886673	2.2347306e-05	0.11205632
338.97297	14.413450	613.98039	0.0016287165	1563.7100	1587.1854	3.6486279	3.0742606	8.0760561	665.85984	0.65729177	7.0766701e-05	0.48404793	0.0058340835	90.950793	0.010994956	2468.4556	2626.9308	5.3472171	3.5246435	11.918073	442.18335	7.7734560	2.2368350e-05	0.11245244
339.17485	14.450100	613.33374	0.0016304337	1565.0630	1588.6230	3.6508784	3.0749917	8.1013598	664.37455	0.66134142	7.0681407e-05	0.48363375	0.0057929841	91.302172	0.010952642	2467.6755	2625.9423	5.3449455	3.5282278	11.979093	441.89761	7.7582706	2.2389468e-05	0.11285133
339.37633	14.486750	612.68621	0.0016321568	1566.4158	1590.0605	3.6531281	3.0757335	8.1269114	662.88864	0.66541573	7.0596131e-05	0.48321973	0.0057520143	91.654775	0.010910506	2466.8926	2624.9504	5.3426717	3.5318164	12.040672	441.61119	7.7431108	2.2410661e-05	0.11325303
339.57739	14.523400	612.03779	0.0016338860	1567.7684	1591.4979	3.6553768	3.0764861	8.1527148	661.40208	0.66951499	7.0510869e-05	0.48280585	0.0057111737	92.008614	0.010868548	2466.1069	2623.9552	5.3403957	3.5354093	12.102817	441.32409	7.7279762	2.2431930e-05	0.11365756
339.77805	14.560050	611.38847	0.0016356213	1569.1207	1592.9355	3.6576247	3.0772496	8.1787743	659.91485	0.67363947	7.0425621e-05	0.48239213	0.0056704620	92.363697	0.010826764	2465.3183	2622.9566	5.3381174	3.5390067	12.165537	441.03630	7.7128665	2.2453275e-05	0.11406497
339.97829	14.596700	610.73822	0.0016373627	1570.4729	1594.3730	3.6598718	3.0780241	8.2050941	658.42689	0.67778946	7.0340384e-05	0.48197856	0.0056298789	92.720036	0.010785155	2464.5268	2621.9545	5.3358368	3.5426087	12.228840	440.74781	7.6977813	2.2474697e-05	0.11447527
340.17813	14.633350	610.08704	0.0016391104	1571.8249	1595.8106	3.6621182	3.0788098	8.2316785	656.93820	0.68196524	7.0255156e-05	0.48156514	0.0055894241	93.077639	0.010743719	2463.7325	2620.9491	5.3335539	3.5462153	12.292735	440.45863	7.6827203	2.2496198e-05	0.11488851
340.37757	14.670000	609.43491	0.0016408643	1573.1768	1597.2482	3.6643639	3.0796068	8.2585319	655.44871	0.68616711	7.0169935e-05	0.48115187	0.0055490973	93.436517	0.010702454	2462.9352	2619.9402	5.3312685	3.5498265	12.357230	440.16874	7.6676832	2.2517777e-05	0.11530471
340.57661	14.706650	608.78182	0.0016426246	1574.5285	1598.6860	3.6666089	3.0804151	8.2856588	653.95842	0.69039536	7.0084720e-05	0.48073877	0.0055088982	93.796682	0.010661358	2462.1349	2618.9278	5.3289807	3.5534426	12.422335	439.87815	7.6526696	2.2539436e-05	0.11572391
340.77524	14.743300	608.12776	0.0016443913	1575.8801	1600.1239	3.6688533	3.0812351	8.3130639	652.46727	0.69465029	6.9999507e-05	0.48032582	0.0054688266	94.158142	0.010620430	2461.3317	2617.9119	5.3266904	3.5570636	12.488058	439.58684	7.6376791	2.2561176e-05	0.11614615
340.97348	14.779950	607.47270	0.0016461645	1577.2317	1601.5619	3.6710971	3.0820667	8.3407519	650.97524	0.69893222	6.9914295e-05	0.47991303	0.0054288821	94.520910	0.010579670	2460.5256	2616.8926	5.3243976	3.5606895	12.554409	439.29482	7.6227114	2.2582997e-05	0.11657146
341.17131	14.816600	606.81664	0.0016479443	1578.5832	1603.0001	3.6733403	3.0829101	8.3687276	649.48228	0.70324145	6.9829082e-05	0.47950040	0.0053890645	94.884995	0.010539074	2459.7164	2615.8697	5.3221021	3.5643205	12.621397	439.00206	7.6077662	2.2604901e-05	0.11699987
341.36875	14.853250	606.15955	0.0016497307	1579.9347	1604.4385	3.6755830	3.0837656	8.3969960	647.98838	0.70757830	6.9743866e-05	0.47908794	0.0053493734	95.250410	0.010498642	2458.9043	2614.8432	5.3198041	3.5679567	12.689032	438.70858	7.5928432	2.2626888e-05	0.11743143
341.56580	14.889900	605.50143	0.0016515238	1581.2861	1605.8771	3.6778252	3.0846331	8.4255620	646.49348	0.71194308	6.9658645e-05	0.47867564	0.0053098086	95.617164	0.010458373	2458.0890	2613.8132	5.3175033	3.5715981	12.757323	438.41437	7.5779419	2.2648959e-05	0.11786616
341.76246	14.926550	604.84226	0.0016533236	1582.6376	1607.3160	3.6800670	3.0855129	8.4544310	644.99755	0.71633614	6.9573415e-05	0.47826352	0.0052703699	95.985270	0.010418265	2457.2708	2612.7795	5.3151999	3.5752449	12.826282	438.11942	7.5630621	2.2671115e-05	0.11830410
341.95872	14.963200	604.18201	0.0016551304	1583.9891	1608.7551	3.6823084	3.0864051	8.4836081	643.50055	0.72075778	6.9488176e-05	0.47785156	0.0052310569	96.354738	0.010378317	2456.4495	2611.7423	5.3128937	3.5788972	12.895918	437.82371	7.5482033	2.2693356e-05	0.11874530
342.15459	14.999850	603.52069	0.0016569440	1585.3406	1610.1945	3.6845495	3.0873099	8.5130987	642.00246	0.72520837	6.9402926e-05	0.47743977	0.0051918694	96.725581	0.010338527	2455.6250	2610.7014	5.3105846	3.5825550	12.966241	437.52726	7.5333654	2.2715685e-05	0.11918978
342.35008	15.036500	602.85826	0.0016587647	1586.6922	1611.6342	3.6867902	3.0882275	8.5429084	640.50322	0.72968822	6.9317661e-05	0.47702817	0.0051528072	97.097809	0.010298894	2454.7975	2609.6568	5.3082727	3.5862184	13.037263	437.23005	7.5185478	2.2738102e-05	0.11963759
342.54517	15.073150	602.19472	0.0016605924	1588.0439	1613.0743	3.6890307	3.0891579	8.5730428	639.00281	0.73419770	6.9232379e-05	0.47661674	0.0051138699	97.471436	0.010259416	2453.9668	2608.6085	5.3059579	3.5898876	13.108994	436.93208	7.5037503	2.2760607e-05	0.12008877
342.73989	15.109800	601.53005	0.0016624273	1589.3958	1614.5147	3.6912710	3.0901014	8.6035077	637.50119	0.73873716	6.9147079e-05	0.47620549	0.0050750573	97.846472	0.010220093	2453.1330	2607.5565	5.3036401	3.5935627	13.181445	436.63334	7.4889726	2.2783202e-05	0.12054335
342.93421	15.146450	600.86422	0.0016642695	1590.7478	1615.9555	3.6935111	3.0910582	8.6343090	635.99831	0.74330694	6.9061759e-05	0.47579443	0.0050363693	98.222931	0.010180922	2452.2960	2606.5008	5.3013193	3.5972437	13.254628	436.33382	7.4742143	2.2805888e-05	0.12100138
343.12816	15.183100	600.19723	0.0016661190	1592.0999	1617.3968	3.6957510	3.0920284	8.6654527	634.49414	0.74790742	6.8976415e-05	0.47538356	0.0049978054	98.600825	0.010141903	2451.4558	2605.4413	5.2989954	3.6009308	13.328555	436.03352	7.4594750	2.2828665e-05	0.12146290
343.32173	15.219750	599.52906	0.0016679759	1593.4523	1618.8385	3.6979908	3.0930122	8.6969451	632.98864	0.75253897	6.8891045e-05	0.47497288	0.0049593655	98.980165	0.010103034	2450.6123	2604.3780	5.2966684	3.6046240	13.403238	435.73243	7.4447544	2.2851535e-05	0.12192795
343.51491	15.256400	598.85968	0.0016698403	1594.8048	1620.2806	3.7002306	3.0940097	8.7287924	631.48177	0.75720195	6.8805648e-05	0.47456240	0.0049210494	99.360966	0.010064314	2449.7656	2603.3108	5.2943382	3.6083236	13.478688	435.43054	7.4300522	2.2874499e-05	0.12239657
343.70772	15.293050	598.18908	0.0016717122	1596.1577	1621.7232	3.7024704	3.0950213	8.7610011	629.97348	0.76189676	6.8720220e-05	0.47415211	0.0048828568	99.743240	0.010025742	2448.9157	2602.2398	5.2920049	3.6120296	13.554918	435.12786	7.4153681	2.2897558e-05	0.12286880
343.90015	15.329700	597.51724	0.0016735919	1597.5107	1623.1664	3.7047102	3.0960470	8.7935779	628.46376	0.76662377	6.8634760e-05	0.47374204	0.0048447875	100.12700	0.0099873162	2448.0624	2601.1650	5.2896682	3.6157421	13.631941	434.82437	7.4007016	2.2920712e-05	0.12334470
344.09221	15.366350	596.84415	0.0016754793	1598.8641	1624.6101	3.7069501	3.0970870	8.8265294	626.95254	0.77138337	6.8549265e-05	0.47333217	0.0048068412	100.51226	0.0099490353	2447.2058	2600.0862	5.2873282	3.6194612	13.709770	434.52006	7.3860525	2.2943963e-05	0.12382429
344.28389	15.403000	596.16978	0.0016773745	1600.2178	1626.0544	3.7091901	3.0981417	8.8598628	625.43979	0.77617598	6.8463733e-05	0.47292251	0.0047690177	100.89903	0.0099108981	2446.3459	2599.0035	5.2849849	3.6231871	13.788418	434.21493	7.3714204	2.2967312e-05	0.12430764
344.47520	15.439650	595.49411	0.0016792777	1601.5719	1627.4993	3.7114303	3.0992111	8.8935849	623.92546	0.78100199	6.8378161e-05	0.47251308	0.0047313168	101.28733	0.0098729034	2445.4827	2597.9168	5.2826381	3.6269199	13.867898	433.90897	7.3568050	2.2990761e-05	0.12479477
344.66614	15.476300	594.81713	0.0016811890	1602.9263	1628.9449	3.7136708	3.1002954	8.9277032	622.40953	0.78586181	6.8292546e-05	0.47210386	0.0046937383	101.67717	0.0098350499	2444.6160	2596.8262	5.2802878	3.6306596	13.948225	433.60218	7.3422059	2.3014309e-05	0.12528575
344.85671	15.512950	594.13882	0.0016831083	1604.2811	1630.3911	3.7159115	3.1013950	8.9622250	620.89194	0.79075585	6.8206887e-05	0.47169488	0.0046562820	102.06856	0.0097973363	2443.7459	2595.7315	5.2779340	3.6344065	14.029413	433.29454	7.3276227	2.3037958e-05	0.12578062
345.04691	15.549600	593.45915	0.0016850359	1605.6363	1631.8380	3.7181525	3.1025100	8.9971580	619.37266	0.79568456	6.8121180e-05	0.47128613	0.0046189476	102.46152	0.0097597615	2442.8724	2594.6327	5.2755766	3.6381607	14.111477	432.98606	7.3130552	2.3061710e-05	0.12627942
345.23675	15.586250	592.77811	0.0016869719	1606.9920	1633.2856	3.7203938	3.1036406	9.0325100	617.85164	0.80064834	6.8035424e-05	0.47087763	0.0045817350	102.85607	0.0097223241	2441.9953	2593.5299	5.2732155	3.6419222	14.194430	432.67671	7.2985030	2.3085566e-05	0.12678221
345.42622	15.622900	592.09567	0.0016889162	1608.3482	1634.7339	3.7226356	3.1047871	9.0682888	616.32884	0.80564764	6.7949614e-05	0.47046937	0.0045446440	103.25221	0.0096850229	2441.1148	2592.4230	5.2708508	3.6456912	14.278289	432.36650	7.2839657	2.3109526e-05	0.12728903
345.61532	15.659550	591.41182	0.0016908692	1609.7048	1636.1831	3.7248779	3.1059497	9.1045028	614.80422	0.81068290	6.7863750e-05	0.47006136	0.0045076743	103.64996	0.0096478568	2440.2308	2591.3119	5.2684822	3.6494680	14.363069	432.05542	7.2694430	2.3133592e-05	0.12779994
345.80406	15.696200	590.72653	0.0016928307	1611.0620	1637.6330	3.7271206	3.1071287	9.1411602	613.27774	0.81575457	6.7777828e-05	0.46965361	0.0044708257	104.04935	0.0096108244	2439.3432	2590.1967	5.2661098	3.6532524	14.448786	431.74345	7.2549345	2.3157765e-05	0.12831498
345.99244	15.732850	590.03978	0.0016948010	1612.4198	1639.0838	3.7293640	3.1083243	9.1782696	611.74934	0.82086310	6.7691846e-05	0.46924613	0.0044340981	104.45037	0.0095739246	2438.4521	2589.0772	5.2637336	3.6570449	14.535456	431.43060	7.2404400	2.3182046e-05	0.12883422
346.18047	15.769500	589.35155	0.0016967801	1613.7781	1640.5355	3.7316079	3.1095367	9.2158398	610.21900	0.82600896	6.7605800e-05	0.46883893	0.0043974913	104.85306	0.0095371562	2437.5573	2587.9535	5.2613534	3.6608453	14.623096	431.11684	7.2259590	2.3206437e-05	0.12935770
346.36813	15.806150	588.66182	0.0016987682	1615.1371	1641.9881	3.7338525	3.1107663	9.2538798	608.68666	0.83119262	6.7519689e-05	0.46843200	0.0043610050	105.25742	0.0095005179	2436.6589	2586.8255	5.2589692	3.6646540	14.711723	430.80218	7.2114911	2.3230939e-05	0.12988547
346.55543	15.842800	587.97056	0.0017007654	1616.4967	1643.4416	3.7360978	3.1120132	9.2923987	607.15228	0.83641456	6.7433508e-05	0.46802537	0.0043246392	105.66347	0.0094640086	2435.7569	2585.6933	5.2565809	3.6684711	14.801355	430.48661	7.1970361	2.3255553e-05	0.13041760
346.74238	15.879450	587.27775	0.0017027718	1617.8570	1644.8961	3.7383439	3.1132778	9.3314060	605.61582	0.84167525	6.7347257e-05	0.46761903	0.0042883936	106.07123	0.0094276271	2434.8511	2584.5566	5.2541885	3.6722967	14.892009	430.17011	7.1825936	2.3280280e-05	0.13095414
346.92898	15.916100	586.58337	0.0017047875	1619.2180	1646.3516	3.7405908	3.1145604	9.3709113	604.07724	0.84697519	6.7260931e-05	0.46721300	0.0042522680	106.48071	0.0093913721	2433.9416	2583.4156	5.2517919	3.6761309	14.983704	429.85268	7.1681633	2.3305122e-05	0.13149514
347.11522	15.952750	585.88739	0.0017068126	1620.5798	1647.8081	3.7428386	3.1158612	9.4109245	602.53648	0.85231488	6.7174528e-05	0.46680728	0.0042162623	106.89194	0.0093552426	2433.0284	2582.2702	5.2493910	3.6799740	15.076458	429.53431	7.1537447	2.3330080e-05	0.13204067
347.30110	15.989400	585.18980	0.0017088473	1621.9423	1649.2657	3.7450873	3.1171804	9.4514557	600.99351	0.85769481	6.7088045e-05	0.46640189	0.0041803764	107.30492	0.0093192374	2432.1113	2581.1204	5.2469858	3.6838261	15.170292	429.21499	7.1393375	2.3355155e-05	0.13259079
347.48664	16.026050	584.49055	0.0017108916	1623.3056	1650.7245	3.7473370	3.1185186	9.4925154	599.44828	0.86311551	6.7001479e-05	0.46599684	0.0041446100	107.71967	0.0092833552	2431.1905	2579.9660	5.2445763	3.6876873	15.265223	428.89471	7.1249413	2.3380350e-05	0.13314554
347.67183	16.062700	583.78964	0.0017129458	1624.6698	1652.1843	3.7495877	3.1198758	9.5341140	597.90075	0.86857749	6.6914827e-05	0.46559212	0.0041089629	108.13622	0.0092475950	2430.2658	2578.8071	5.2421623	3.6915578	15.361274	428.57346	7.1105559	2.3405664e-05	0.13370501
347.85667	16.099350	583.08704	0.0017150098	1626.0348	1653.6453	3.7518396	3.1212525	9.5762626	596.35087	0.87408127	6.6828086e-05	0.46518777	0.0040734352	108.55458	0.0092119555	2429.3372	2577.6437	5.2397437	3.6954378	15.458465	428.25123	7.0961807	2.3431100e-05	0.13426924
348.04116	16.136000	582.38271	0.0017170839	1627.4007	1655.1075	3.7540926	3.1226490	9.6189722	594.79860	0.87962740	6.6741253e-05	0.46478378	0.0040380265	108.97477	0.0091764357	2428.4047	2576.4757	5.2373206	3.6993274	15.556816	427.92801	7.0818155	2.3456659e-05	0.13483831
348.22530	16.172650	581.67663	0.0017191682	1628.7675	1656.5710	3.7563468	3.1240655	9.6622543	593.24389	0.88521641	6.6654325e-05	0.46438016	0.0040027367	109.39681	0.0091410343	2427.4682	2575.3030	5.2348928	3.7032269	15.656350	427.60379	7.0674599	2.3482343e-05	0.13541227
348.40910	16.209300	580.96879	0.0017212629	1630.1353	1658.0358	3.7586023	3.1255025	9.7061206	591.68670	0.89084885	6.6567299e-05	0.46397694	0.0039675657	109.82071	0.0091057503	2426.5278	2574.1256	5.2324603	3.7071363	15.757089	427.27856	7.0531136	2.3508152e-05	0.13599120
348.59256	16.245950	580.25914	0.0017233679	1631.5041	1659.5019	3.7608591	3.1269603	9.7505832	590.12698	0.89652528	6.6480171e-05	0.46357411	0.0039325134	110.24650	0.0090705825	2425.5833	2572.9435	5.2300230	3.7110560	15.859056	426.95231	7.0387760	2.3534089e-05	0.13657516
348.77567	16.282600	579.54766	0.0017254836	1632.8739	1660.9693	3.7631173	3.1284393	9.7956542	588.56469	0.90224627	6.6392939e-05	0.46317170	0.0038975796	110.67420	0.0090355297	2424.6348	2571.7567	5.2275808	3.7149860	15.962274	426.62504	7.0244469	2.3560156e-05	0.13716423
348.95844	16.319250	578.83433	0.0017276100	1634.2448	1662.4381	3.7653770	3.1299397	9.8413464	586.99979	0.90801238	6.6305599e-05	0.46276972	0.0038627642	111.10382	0.0090005909	2423.6822	2570.5650	5.2251336	3.7189267	16.066768	426.29672	7.0101260	2.3586352e-05	0.13775846
349.14088	16.355900	578.11911	0.0017297474	1635.6168	1663.9084	3.7676382	3.1314621	9.8876727	585.43222	0.91382419	6.6218148e-05	0.46236818	0.0038280670	111.53538	0.0089657648	2422.7254	2569.3685	5.2226815	3.7228780	16.172563	425.96735	6.9958127	2.3612682e-05	0.13835794
349.32297	16.392550	577.40198	0.0017318957	1636.9900	1665.3801	3.7699010	3.1330067	9.9346463	583.86195	0.91968230	6.6130583e-05	0.46196709	0.0037934880	111.96891	0.0089310505	2421.7645	2568.1672	5.2202242	3.7268404	16.279684	425.63691	6.9815067	2.3639145e-05	0.13896273
349.50473	16.429200	576.68290	0.0017340552	1638.3643	1666.8534	3.7721654	3.1345739	9.9822808	582.28892	0.92558729	6.6042900e-05	0.46156648	0.0037590269	112.40443	0.0088964467	2420.7993	2566.9608	5.2177618	3.7308139	16.388156	425.30540	6.9672077	2.3665743e-05	0.13957292
349.68614	16.465850	575.96186	0.0017362261	1639.7398	1668.3282	3.7744315	3.1361643	10.030590	580.71310	0.93153977	6.5955097e-05	0.46116635	0.0037246838	112.84195	0.0088619523	2419.8300	2565.7495	5.2152941	3.7347988	16.498008	424.97280	6.9529152	2.3692479e-05	0.14018857
349.86723	16.502500	575.23881	0.0017384084	1641.1165	1669.8046	3.7766994	3.1377781	10.079589	579.13444	0.93754035	6.5867168e-05	0.46076672	0.0036904584	113.28151	0.0088275663	2418.8563	2564.5332	5.2128211	3.7387952	16.609266	424.63911	6.9386289	2.3719353e-05	0.14080977
350.04798	16.539150	574.51372	0.0017406025	1642.4946	1671.2827	3.7789692	3.1394158	10.129291	577.55290	0.94358964	6.5779112e-05	0.46036761	0.0036563507	113.72311	0.0087932875	2417.8783	2563.3118	5.2103427	3.7428035	16.721959	424.30430	6.9243483	2.3746369e-05	0.14143659
350.22839	16.575800	573.78657	0.0017428083	1643.8739	1672.7624	3.7812408	3.1410778	10.179712	575.96843	0.94968829	6.5690924e-05	0.45996903	0.0036223605	114.16679	0.0087591149	2416.8959	2562.0853	5.2078589	3.7468238	16.836115	423.96837	6.9100730	2.3773527e-05	0.14206912
350.40848	16.612450	573.05733	0.0017450261	1645.2547	1674.2438	3.7835144	3.1427646	10.230867	574.38099	0.95583691	6.5602601e-05	0.45957101	0.0035884878	114.61256	0.0087250472	2415.9091	2560.8536	5.2053694	3.7508563	16.951765	423.63130	6.8958028	2.3800829e-05	0.14270743
350.58823	16.649100	572.32595	0.0017472561	1646.6368	1675.7270	3.7857901	3.1444766	10.282772	572.79053	0.96203615	6.5514139e-05	0.45917356	0.0035547324	115.06045	0.0086910834	2414.9179	2559.6166	5.2028743	3.7549013	17.068940	423.29308	6.8815370	2.3828277e-05	0.14335162
350.76765	16.685750	571.59241	0.0017494984	1648.0204	1677.2121	3.7880679	3.1462144	10.335444	571.19702	0.96828667	6.5425535e-05	0.45877670	0.0035210944	115.51049	0.0086572224	2413.9222	2558.3744	5.2003734	3.7589590	17.187671	422.95370	6.8672754	2.3855874e-05	0.14400176
350.94675	16.722400	570.85668	0.0017517532	1649.4054	1678.6989	3.7903478	3.1479783	10.388898	569.60040	0.97458911	6.5336785e-05	0.45838045	0.0034875734	115.96269	0.0086234632	2412.9219	2557.1269	5.1978667	3.7630297	17.307990	422.61314	6.8530175	2.3883620e-05	0.14465795
351.12552	16.759050	570.11872	0.0017540206	1650.7920	1680.1877	3.7926300	3.1497689	10.443152	568.00065	0.98094415	6.5247885e-05	0.45798483	0.0034541696	116.41708	0.0085898045	2411.9170	2555.8740	5.1953541	3.7671136	17.429930	422.27140	6.8387629	2.3911518e-05	0.14532027
351.30396	16.795700	569.37849	0.0017563010	1652.1801	1681.6784	3.7949146	3.1515866	10.498224	566.39770	0.98735245	6.5158832e-05	0.45758986	0.0034208828	116.87369	0.0085562453	2410.9076	2554.6157	5.1928355	3.7712109	17.553527	421.92845	6.8245112	2.3939569e-05	0.14598882
351.48207	16.832350	568.63597	0.0017585943	1653.5698	1683.1711	3.7972015	3.1534320	10.554130	564.79153	0.99381471	6.5069621e-05	0.45719557	0.0033877129	117.33254	0.0085227846	2409.8934	2553.3519	5.1903108	3.7753220	17.678815	421.58428	6.8102619	2.3967777e-05	0.14666370
351.65986	16.869000	567.89111	0.0017609010	1654.9612	1684.6659	3.7994909	3.1553057	10.610891	563.18210	1.0003316	6.4980249e-05	0.45680198	0.0033546599	117.79366	0.0084894211	2408.8745	2552.0825	5.1877799	3.7794470	17.805831	421.23887	6.7960146	2.3996142e-05	0.14734499
351.83733	16.905650	567.14388	0.0017632210	1656.3543	1686.1627	3.8017829	3.1572081	10.668524	561.56935	1.0069038	6.4890712e-05	0.45640911	0.0033217237	118.25707	0.0084561538	2407.8508	2550.8076	5.1852428	3.7835863	17.934613	420.89222	6.7817689	2.4024667e-05	0.14803279
352.01447	16.942300	566.39424	0.0017655547	1657.7491	1687.6617	3.8040775	3.1591398	10.727049	559.95326	1.0135321	6.4801006e-05	0.45601699	0.0032889042	118.72280	0.0084229817	2406.8223	2549.5270	5.1826992	3.7877401	18.065198	420.54431	6.7675243	2.4053354e-05	0.14872721
352.19130	16.978950	565.64216	0.0017679022	1659.1457	1689.1628	3.8063749	3.1611013	10.786486	558.33378	1.0202171	6.4711126e-05	0.45562564	0.0032562014	119.19088	0.0083899036	2405.7889	2548.2407	5.1801492	3.7919088	18.197626	420.19512	6.7532804	2.4082206e-05	0.14942834
352.36780	17.015600	564.88760	0.0017702637	1660.5441	1690.6662	3.8086750	3.1630934	10.846856	556.71087	1.0269596	6.4621070e-05	0.45523509	0.0032236152	119.66133	0.0083569184	2404.7506	2546.9486	5.1775926	3.7960925	18.331938	419.84463	6.7390368	2.4111224e-05	0.15013630
352.54399	17.052250	564.13051	0.0017726395	1661.9444	1692.1719	3.8109779	3.1651164	10.908178	555.08450	1.0337603	6.4530831e-05	0.45484537	0.0031911455	120.13419	0.0083240250	2403.7073	2545.6507	5.1750293	3.8002916	18.468177	419.49283	6.7247928	2.4140410e-05	0.15085118
352.71985	17.088900	563.37086	0.0017750297	1663.3466	1693.6799	3.8132839	3.1671712	10.970476	553.45464	1.0406199	6.4440408e-05	0.45445651	0.0031587924	120.60948	0.0082912223	2402.6590	2544.3468	5.1724593	3.8045064	18.606385	419.13970	6.7105482	2.4169767e-05	0.15157310
352.89540	17.125550	562.60862	0.0017774346	1664.7508	1695.1903	3.8155928	3.1692582	11.033770	551.82123	1.0475392	6.4349794e-05	0.45406852	0.0031265558	121.08723	0.0082585093	2401.6056	2543.0371	5.1698824	3.8087373	18.746608	418.78523	6.6963024	2.4199298e-05	0.15230218
353.07064	17.162200	561.84373	0.0017798543	1666.1570	1696.7032	3.8179049	3.1713782	11.098084	550.18426	1.0545189	6.4258986e-05	0.45368146	0.0030944355	121.56747	0.0082258848	2400.5470	2541.7213	5.1672984	3.8129845	18.888891	418.42939	6.6820550	2.4229004e-05	0.15303852
353.24556	17.198850	561.07616	0.0017822892	1667.5652	1698.2185	3.8202202	3.1735317	11.163440	548.54368	1.0615598	6.4167980e-05	0.45329534	0.0030624317	122.05023	0.0081933477	2399.4832	2540.3994	5.1647074	3.8172483	19.033281	418.07217	6.6678054	2.4258889e-05	0.15378224
353.42016	17.235500	560.30587	0.0017847395	1668.9756	1699.7364	3.8225387	3.1757195	11.229864	546.89946	1.0686627	6.4076772e-05	0.45291020	0.0030305443	122.53555	0.0081608969	2398.4142	2539.0713	5.1621092	3.8215292	19.179829	417.71356	6.6535532	2.4288954e-05	0.15453346
353.59446	17.272150	559.53281	0.0017872053	1670.3881	1701.2569	3.8248607	3.1779423	11.297378	545.25157	1.0758282	6.3985356e-05	0.45252608	0.0029987732	123.02345	0.0081285314	2397.3398	2537.7370	5.1595036	3.8258273	19.328583	417.35353	6.6392978	2.4319202e-05	0.15529231
353.76844	17.308800	558.75695	0.0017896869	1671.8028	1702.7801	3.8271861	3.1802007	11.366009	543.59998	1.0830573	6.3893728e-05	0.45214301	0.0029671185	123.51397	0.0080962499	2396.2601	2536.3964	5.1568906	3.8301432	19.479597	416.99206	6.6250389	2.4349636e-05	0.15605891
353.94211	17.345450	557.97823	0.0017921846	1673.2198	1704.3060	3.8295150	3.1824955	11.435782	541.94466	1.0903506	6.3801885e-05	0.45176102	0.0029355801	124.00714	0.0080640515	2395.1749	2535.0495	5.1542701	3.8344772	19.632925	416.62913	6.6107757	2.4380258e-05	0.15683340
354.11546	17.382100	557.19662	0.0017946986	1674.6391	1705.8347	3.8318476	3.1848275	11.506724	540.28558	1.0977090	6.3709820e-05	0.45138016	0.0029041581	124.50300	0.0080319349	2394.0842	2533.6961	5.1516419	3.8388295	19.788620	416.26473	6.5965079	2.4411071e-05	0.15761590
354.28851	17.418750	556.41206	0.0017972292	1676.0607	1707.3662	3.8341839	3.1871973	11.578862	538.62272	1.1051332	6.3617530e-05	0.45100046	0.0028728523	125.00158	0.0079998991	2392.9879	2532.3361	5.1490059	3.8432007	19.946742	415.89884	6.5822349	2.4442079e-05	0.15840655
354.46126	17.455400	555.62452	0.0017997766	1677.4848	1708.9007	3.8365241	3.1896058	11.652224	536.95605	1.1126241	6.3525011e-05	0.45062196	0.0028416629	125.50291	0.0079679429	2391.8860	2530.9696	5.1463619	3.8475911	20.107350	415.53142	6.5679562	2.4473282e-05	0.15920548
354.63369	17.492050	554.83395	0.0018023410	1678.9114	1710.4380	3.8388682	3.1920538	11.726840	535.28555	1.1201824	6.3432256e-05	0.45024471	0.0028105898	126.00703	0.0079360652	2390.7784	2529.5964	5.1437099	3.8520011	20.270503	415.16247	6.5536712	2.4504686e-05	0.16001285
354.80582	17.528700	554.04029	0.0018049229	1680.3405	1711.9784	3.8412163	3.1945420	11.802738	533.61119	1.1278091	6.3339262e-05	0.44986875	0.0027796330	126.51398	0.0079042648	2389.6650	2528.2165	5.1410498	3.8564311	20.436267	414.79195	6.5393793	2.4536291e-05	0.16082880
354.97765	17.565350	553.24351	0.0018075223	1681.7722	1713.5219	3.8435685	3.1970713	11.879948	531.93296	1.1355048	6.3246024e-05	0.44949412	0.0027487926	127.02379	0.0078725407	2388.5457	2526.8297	5.1383813	3.8608815	20.604705	414.41986	6.5250800	2.4568103e-05	0.16165348
355.14917	17.602000	552.44355	0.0018101397	1683.2065	1715.0686	3.8459249	3.1996427	11.958503	530.25084	1.1432704	6.3152536e-05	0.44912087	0.0027180686	127.53651	0.0078408918	2387.4206	2525.4359	5.1357044	3.8653528	20.775886	414.04615	6.5107727	2.4600122e-05	0.16248705
355.32038	17.638650	551.64037	0.0018127752	1684.6435	1716.6184	3.8482857	3.2022568	12.038435	528.56480	1.1511068	6.3058795e-05	0.44874905	0.0026874611	128.05218	0.0078093167	2386.2894	2524.0352	5.1330189	3.8698455	20.949880	413.67082	6.4964569	2.4632354e-05	0.16332965
355.49130	17.675300	550.83392	0.0018154292	1686.0833	1718.1716	3.8506509	3.2049148	12.119775	526.87485	1.1590147	6.2964794e-05	0.44837870	0.0026569699	128.57082	0.0077778145	2385.1522	2522.6274	5.1303247	3.8743599	21.126759	413.29383	6.4821319	2.4664800e-05	0.16418146
355.66191	17.711950	550.02413	0.0018181020	1687.5259	1719.7280	3.8530206	3.2076173	12.202559	525.18096	1.1669950	6.2870529e-05	0.44800988	0.0026265953	129.09249	0.0077463838	2384.0088	2521.2124	5.1276216	3.8788965	21.306597	412.91517	6.4677971	2.4697465e-05	0.16504264
355.83222	17.748600	549.21098	0.0018207939	1688.9714	1721.2879	3.8553949	3.2103655	12.286821	523.48314	1.1750486	6.2775996e-05	0.44764265	0.0025963372	129.61723	0.0077150237	2382.8592	2519.7901	5.1249095	3.8834559	21.489473	412.53480	6.4534519	2.4730351e-05	0.16591337
356.00223	17.785250	548.39439	0.0018235052	1690.4198	1722.8513	3.8577739	3.2131602	12.372597	521.78136	1.1831762	6.2681187e-05	0.44727705	0.0025661958	130.14508	0.0076837328	2381.7033	2518.3604	5.1221883	3.8880385	21.675466	412.15270	6.4390957	2.4763462e-05	0.16679382
356.17195	17.821900	547.57432	0.0018262361	1691.8712	1724.4182	3.8601578	3.2160025	12.459924	520.07563	1.1913788	6.2586100e-05	0.44691314	0.0025361710	130.67608	0.0076525101	2380.5410	2516.9232	5.1194577	3.8926449	21.864660	411.76884	6.4247278	2.4796802e-05	0.16768416
356.34136	17.858550	546.75072	0.0018289871	1693.3257	1725.9887	3.8625467	3.2188933	12.548840	518.36594	1.1996571	6.2490728e-05	0.44655098	0.0025062629	131.21028	0.0076213542	2379.3722	2515.4785	5.1167176	3.8972756	22.057141	411.38320	6.4103476	2.4830374e-05	0.16858460
356.51048	17.895200	545.92353	0.0018317584	1694.7833	1727.5630	3.8649406	3.2218336	12.639383	516.65230	1.2080121	6.2395066e-05	0.44619063	0.0024764716	131.74772	0.0075902641	2378.1968	2514.0261	5.1139679	3.9019310	22.252997	410.99575	6.3959544	2.4864181e-05	0.16949531
356.67931	17.931850	545.09270	0.0018345503	1696.2441	1729.1410	3.8673396	3.2248246	12.731595	514.93471	1.2164445	6.2299109e-05	0.44583215	0.0024467972	132.28846	0.0075592384	2377.0148	2512.5660	5.1112084	3.9066119	22.452322	410.60645	6.3815475	2.4898229e-05	0.17041651
356.84783	17.968500	544.25818	0.0018373633	1697.7081	1730.7228	3.8697440	3.2278673	12.825516	513.21318	1.2249553	6.2202851e-05	0.44547561	0.0024172398	132.83254	0.0075282760	2375.8261	2511.0979	5.1084390	3.9113186	22.655212	410.21528	6.3671262	2.4932520e-05	0.17134838
357.01607	18.005150	543.41989	0.0018401976	1699.1755	1732.3085	3.8721538	3.2309627	12.921189	511.48772	1.2335452	6.2106288e-05	0.44512107	0.0023877994	133.38000	0.0074973757	2374.6305	2509.6219	5.1056594	3.9160520	22.861766	409.82222	6.3526899	2.4967058e-05	0.17229114
357.18401	18.041800	542.57780	0.0018430537	1700.6462	1733.8982	3.8745690	3.2341120	13.018657	509.75834	1.2422151	6.2009413e-05	0.44476861	0.0023584762	133.93091	0.0074665362	2373.4280	2508.1378	5.1028695	3.9208125	23.072087	409.42722	6.3382377	2.5001848e-05	0.17324501
357.35165	18.078450	541.73184	0.0018459317	1702.1204	1735.4920	3.8769899	3.2373164	13.117967	508.02506	1.2509659	6.1912222e-05	0.44441828	0.0023292703	134.48531	0.0074357562	2372.2185	2506.6454	5.1000691	3.9256007	23.286283	409.03025	6.3237689	2.5036893e-05	0.17421020
357.51901	18.115100	540.88195	0.0018488323	1703.5982	1737.0899	3.8794166	3.2405769	13.219163	506.28791	1.2597984	6.1814709e-05	0.44407017	0.0023001817	135.04326	0.0074050346	2371.0018	2505.1447	5.0972580	3.9304174	23.504466	408.63129	6.3092829	2.5072199e-05	0.17518695
357.68607	18.151750	540.02808	0.0018517556	1705.0795	1738.6921	3.8818491	3.2438949	13.322295	504.54690	1.2687135	6.1716867e-05	0.44372435	0.0022712106	135.60481	0.0073743699	2369.7779	2503.6356	5.0944360	3.9352632	23.726750	408.23029	6.2947787	2.5107769e-05	0.17617549
357.85285	18.188400	539.17016	0.0018547021	1706.5645	1740.2985	3.8842877	3.2472714	13.427411	502.80206	1.2777120	6.1618693e-05	0.44338089	0.0022423572	136.17001	0.0073437609	2368.5466	2502.1179	5.0916029	3.9401388	23.953257	407.82723	6.2802557	2.5143608e-05	0.17717606
358.01933	18.225050	538.30813	0.0018576721	1708.0532	1741.9094	3.8867323	3.2507077	13.534562	501.05344	1.2867948	6.1520180e-05	0.44303989	0.0022136216	136.73893	0.0073132063	2367.3079	2500.5915	5.0887586	3.9450448	24.184111	407.42207	6.2657129	2.5179721e-05	0.17818891
358.18553	18.261700	537.44194	0.0018606661	1709.5457	1743.5246	3.8891833	3.2542051	13.643801	499.30107	1.2959627	6.1421322e-05	0.44270141	0.0021850038	137.31162	0.0072827048	2366.0617	2499.0562	5.0859029	3.9499821	24.419443	407.01476	6.2511496	2.5216112e-05	0.17921430
358.35144	18.298350	536.57152	0.0018636844	1711.0421	1745.1445	3.8916405	3.2577648	13.755182	497.54498	1.3052165	6.1322114e-05	0.44236554	0.0021565042	137.88815	0.0072522550	2364.8077	2497.5120	5.0830354	3.9549514	24.659388	406.60528	6.2365649	2.5252786e-05	0.18025250
358.51706	18.335000	535.69681	0.0018667276	1712.5425	1746.7689	3.8941043	3.2613881	13.868760	495.78523	1.3145571	6.1222550e-05	0.44203238	0.0021281227	138.46857	0.0072218556	2363.5460	2495.9587	5.0801560	3.9599535	24.904088	406.19358	6.2219579	2.5289749e-05	0.18130378
358.68239	18.371650	534.81775	0.0018697958	1714.0469	1748.3981	3.8965748	3.2650765	13.984593	494.02186	1.3239853	6.1122625e-05	0.44170201	0.0020998597	139.05295	0.0071915051	2362.2763	2494.3961	5.0772646	3.9649891	25.153688	405.77963	6.2073277	2.5327005e-05	0.18236843
358.84744	18.408300	533.93426	0.0018728897	1715.5553	1750.0321	3.8990520	3.2688311	14.102742	492.25494	1.3335020	6.1022332e-05	0.44137453	0.0020717153	139.64136	0.0071612023	2360.9986	2492.8242	5.0743607	3.9700591	25.408342	405.36337	6.1926735	2.5364560e-05	0.18344673
359.01221	18.444950	533.04629	0.0018760097	1717.0680	1751.6709	3.9015361	3.2726534	14.223266	490.48452	1.3431080	6.0921666e-05	0.44105003	0.0020436896	140.23386	0.0071309457	2359.7127	2491.2427	5.0714443	3.9751644	25.668209	404.94478	6.1779942	2.5402419e-05	0.18453900
359.17669	18.481600	532.15378	0.0018791561	1718.5849	1753.3148	3.9040273	3.2765448	14.346231	488.71067	1.3528041	6.0820622e-05	0.44072860	0.0020157829	140.83052	0.0071007337	2358.4186	2489.6515	5.0685151	3.9803058	25.933455	404.52380	6.1632890	2.5440588e-05	0.18564554
359.34089	18.518250	531.25665	0.0018823294	1720.1062	1754.9637	3.9065256	3.2805067	14.471701	486.93346	1.3625911	6.0719192e-05	0.44041037	0.0019879953	141.43141	0.0070705651	2357.1160	2488.0505	5.0655728	3.9854843	26.204255	404.10039	6.1485567	2.5479073e-05	0.18676668
359.50480	18.554900	530.35484	0.0018855301	1721.6319	1756.6177	3.9090313	3.2845404	14.599745	485.15297	1.3724698	6.0617372e-05	0.44009542	0.0019603272	142.03661	0.0070404383	2355.8048	2486.4394	5.0626172	3.9907009	26.480788	403.67450	6.1337965	2.5517879e-05	0.18790276
359.66843	18.591550	529.44827	0.0018887586	1723.1621	1758.2770	3.9115444	3.2886475	14.730433	483.36928	1.3824410	6.0515155e-05	0.43978387	0.0019327786	142.64619	0.0070103518	2354.4849	2484.8182	5.0596480	3.9959564	26.763243	403.24608	6.1190072	2.5557013e-05	0.18905411
359.83179	18.628200	528.53689	0.0018920155	1724.6969	1759.9417	3.9140652	3.2928294	14.863839	481.58247	1.3925056	6.0412536e-05	0.43947583	0.0019053499	143.26023	0.0069803041	2353.1561	2483.1866	5.0566650	4.0012520	27.051818	402.81509	6.1041877	2.5596481e-05	0.19022111
359.99486	18.664850	527.62063	0.0018953012	1726.2363	1761.6118	3.9165937	3.2970876	15.000039	479.79265	1.4026644	6.0309508e-05	0.43917141	0.0018780413	143.87881	0.0069502936	2351.8183	2481.5445	5.0536679	4.0065887	27.346719	402.38147	6.0893370	2.5636290e-05	0.19140412
360.15765	18.701500	526.69940	0.0018986162	1727.7805	1763.2875	3.9191301	3.3014236	15.139111	477.99992	1.4129181	6.0206066e-05	0.43887074	0.0018508531	144.50202	0.0069203187	2350.4713	2479.8917	5.0506563	4.0119675	27.648162	401.94517	6.0744539	2.5676446e-05	0.19260353
360.32016	18.738150	525.77315	0.0019019609	1729.3295	1764.9688	3.9216746	3.3058389	15.281137	476.20436	1.4232675	6.0102204e-05	0.43857395	0.0018237855	145.12992	0.0068903778	2349.1150	2478.2279	5.0476300	4.0173896	27.956372	401.50613	6.0595373	2.5716956e-05	0.19381973
360.48240	18.774800	524.84180	0.0019053360	1730.8835	1766.6558	3.9242273	3.3103351	15.426202	474.40611	1.4337134	5.9997915e-05	0.43828115	0.0017968388	145.76262	0.0068604693	2347.7492	2476.5531	5.0445888	4.0228562	28.271584	401.06430	6.0445860	2.5757827e-05	0.19505314
360.64435	18.811450	523.90528	0.0019087420	1732.4425	1768.3487	3.9267884	3.3149137	15.574395	472.60527	1.4442567	5.9893194e-05	0.43799248	0.0017700132	146.40021	0.0068305915	2346.3737	2474.8670	5.0415322	4.0283686	28.594047	400.61961	6.0295986	2.5799068e-05	0.19630420
360.80603	18.848100	522.96351	0.0019121793	1734.0066	1770.0475	3.9293580	3.3195762	15.725808	470.80197	1.4548980	5.9788034e-05	0.43770807	0.0017433092	147.04276	0.0068007427	2344.9884	2473.1694	5.0384600	4.0339278	28.924018	400.17202	6.0145739	2.5840684e-05	0.19757334
360.96744	18.884750	522.01642	0.0019156486	1735.5758	1771.7524	3.9319363	3.3243243	15.880538	468.99633	1.4656383	5.9682429e-05	0.43742808	0.0017167270	147.69039	0.0067709211	2343.5930	2471.4601	5.0353718	4.0395354	29.261770	399.72145	5.9995107	2.5882685e-05	0.19886104
361.12856	18.921400	521.06393	0.0019191503	1737.1504	1773.4634	3.9345234	3.3291595	16.038685	467.18850	1.4764783	5.9576374e-05	0.43715264	0.0016902669	148.34319	0.0067411250	2342.1874	2469.7389	5.0322674	4.0451925	29.607586	399.26784	5.9844075	2.5925079e-05	0.20016776
361.28942	18.958050	520.10598	0.0019226851	1738.7304	1775.1808	3.9371196	3.3340833	16.200354	465.37860	1.4874187	5.9469861e-05	0.43688192	0.0016639294	149.00126	0.0067113525	2340.7713	2468.0055	5.0291463	4.0509007	29.961766	398.81112	5.9692630	2.5967873e-05	0.20149402
361.44999	18.994700	519.14247	0.0019262535	1740.3158	1776.9045	3.9397250	3.3390975	16.365656	463.56679	1.4984605	5.9362885e-05	0.43661606	0.0016377146	149.66471	0.0066816018	2339.3447	2466.2597	5.0260081	4.0566614	30.324623	398.35122	5.9540757	2.6011076e-05	0.20284033
361.61030	19.031350	518.17333	0.0019298562	1741.9069	1778.6347	3.9423398	3.3442036	16.534706	461.75320	1.5096044	5.9255439e-05	0.43635523	0.0016116231	150.33364	0.0066518710	2337.9072	2464.5013	5.0228526	4.0624762	30.696486	397.88807	5.9388441	2.6054699e-05	0.20420724
361.77033	19.068000	517.19849	0.0019334937	1743.5036	1780.3715	3.9449641	3.3494033	16.707624	459.93801	1.5208513	5.9147518e-05	0.43609961	0.0015856551	151.00818	0.0066221580	2336.4587	2462.7300	5.0196793	4.0683465	31.077701	397.42159	5.9235666	2.6098749e-05	0.20559530
361.93008	19.104650	516.21786	0.0019371666	1745.1061	1782.1150	3.9475981	3.3546981	16.884540	458.12136	1.5322019	5.9039113e-05	0.43584938	0.0015598111	151.68842	0.0065924610	2334.9989	2460.9456	5.0164878	4.0742741	31.468634	396.95171	5.9082418	2.6143236e-05	0.20700510
362.08957	19.141300	515.23135	0.0019408757	1746.7146	1783.8654	3.9502421	3.3600896	17.065585	456.30343	1.5436573	5.8930220e-05	0.43560471	0.0015340916	152.37450	0.0065627779	2333.5276	2459.1477	5.0132778	4.0802607	31.869666	396.47834	5.8928678	2.6188172e-05	0.20843726
362.24878	19.177950	514.23888	0.0019446215	1748.3290	1785.6228	3.9528962	3.3655796	17.250902	454.48437	1.5552183	5.8820831e-05	0.43536581	0.0015084968	153.06654	0.0065331065	2332.0446	2457.3362	5.0100487	4.0863080	32.281202	396.00141	5.8774432	2.6233565e-05	0.20989242
362.40772	19.214600	513.24037	0.0019484048	1749.9495	1787.3873	3.9555606	3.3711695	17.440640	452.66435	1.5668858	5.8710939e-05	0.43513289	0.0014830274	153.76467	0.0065034447	2330.5496	2455.5107	5.0068001	4.0924180	32.703668	395.52081	5.8619660	2.6279426e-05	0.21137123
362.56639	19.251250	512.23572	0.0019522262	1751.5763	1789.1591	3.9582355	3.3768611	17.634957	450.84355	1.5786608	5.8600538e-05	0.43490615	0.0014576837	154.46901	0.0064737903	2329.0424	2453.6710	5.0035316	4.0985925	33.137512	395.03647	5.8464344	2.6325768e-05	0.21287439
362.72479	19.287900	511.22485	0.0019560865	1753.2094	1790.9382	3.9609212	3.3826560	17.834018	449.02214	1.5905444	5.8489620e-05	0.43468582	0.0014324661	155.17972	0.0064441410	2327.5227	2451.8166	5.0002427	4.1048337	33.583208	394.54829	5.8308466	2.6372601e-05	0.21440263
362.88292	19.324550	510.20765	0.0019599863	1754.8490	1792.7249	3.9636177	3.3885558	18.038002	447.20029	1.6025375	5.8378179e-05	0.43447215	0.0014073753	155.89693	0.0064144945	2325.9902	2449.9474	4.9969329	4.1111435	34.041255	394.05616	5.8152007	2.6419938e-05	0.21595671
363.04078	19.361200	509.18404	0.0019639264	1756.4953	1794.5192	3.9663255	3.3945620	18.247097	445.37818	1.6146415	5.8266207e-05	0.43426537	0.0013824118	156.62079	0.0063848484	2324.4446	2448.0629	4.9936017	4.1175242	34.512182	393.55999	5.7994945	2.6467791e-05	0.21753741
363.19837	19.397850	508.15392	0.0019679077	1758.1482	1796.3214	3.9690446	3.4006765	18.461501	443.55598	1.6268574	5.8153696e-05	0.43406577	0.0013575759	157.35146	0.0063552001	2322.8857	2446.1629	4.9902486	4.1239781	34.996549	393.05967	5.7837260	2.6516174e-05	0.21914557
363.35569	19.434500	507.11717	0.0019719309	1759.8080	1798.1315	3.9717754	3.4069007	18.681429	441.73386	1.6391865	5.8040639e-05	0.43387362	0.0013328684	158.08909	0.0063255472	2321.3131	2444.2469	4.9868730	4.1305076	35.494947	392.55509	5.7678931	2.6565099e-05	0.22078204
363.51274	19.471150	506.07370	0.0019759968	1761.4748	1799.9498	3.9745180	3.4132362	18.907109	439.91198	1.6516303	5.7927027e-05	0.43368921	0.0013082898	158.83386	0.0062958869	2319.7265	2442.3146	4.9834743	4.1371152	36.008003	392.04613	5.7519934	2.6614581e-05	0.22244775
363.66953	19.507800	505.02340	0.0019801063	1763.1488	1801.7763	3.9772728	3.4196849	19.138782	438.09050	1.6641903	5.7812852e-05	0.43351287	0.0012838407	159.58593	0.0062662167	2318.1256	2440.3657	4.9800519	4.1438035	36.536381	391.53267	5.7360246	2.6664635e-05	0.22414365
363.82604	19.544450	503.96614	0.0019842603	1764.8301	1803.6114	3.9800399	3.4262482	19.376709	436.26958	1.6768681	5.7698105e-05	0.43334494	0.0012595216	160.34548	0.0062365336	2316.5100	2438.3997	4.9766053	4.1505753	37.080786	391.01459	5.7199843	2.6715277e-05	0.22587072
363.98229	19.581100	502.90181	0.0019884597	1766.5189	1805.4551	3.9828198	3.4329278	19.621169	434.44937	1.6896653	5.7582777e-05	0.43318576	0.0012353333	161.11272	0.0062068347	2314.8795	2436.4161	4.9731338	4.1574335	37.641967	390.49175	5.7038700	2.6766522e-05	0.22763003
364.13827	19.617750	501.83028	0.0019927056	1768.2153	1807.3077	3.9856126	3.4397255	19.872462	432.63000	1.7025840	5.7466859e-05	0.43303573	0.0012112764	161.88781	0.0061771172	2313.2335	2434.4146	4.9696366	4.1643811	38.220719	389.96401	5.6876790	2.6818386e-05	0.22942267
364.29399	19.654400	500.75142	0.0019969988	1769.9195	1809.1693	3.9884187	3.4466429	20.130910	430.81158	1.7156261	5.7350340e-05	0.43289527	0.0011873516	162.67099	0.0061473778	2311.5717	2432.3948	4.9661132	4.1714212	38.817889	389.43123	5.6714085	2.6870889e-05	0.23124980
364.44944	19.691050	499.66509	0.0020013406	1771.6317	1811.0402	3.9912384	3.4536817	20.396858	428.99424	1.7287940	5.7233209e-05	0.43276480	0.0011635596	163.46244	0.0061176133	2309.8938	2430.3560	4.9625627	4.1785571	39.434379	388.89326	5.6550558	2.6924048e-05	0.23311264
364.60462	19.727700	498.57114	0.0020057318	1773.3521	1812.9205	3.9940720	3.4608438	20.670682	427.17806	1.7420901	5.7115457e-05	0.43264481	0.0011399011	164.26240	0.0060878205	2308.1992	2428.2979	4.9589845	4.1857924	40.071148	388.34993	5.6386179	2.6977882e-05	0.23501247
364.75954	19.764350	497.46941	0.0020101738	1775.0808	1814.8106	3.9969199	3.4681309	20.952784	425.36312	1.7555170	5.6997069e-05	0.43253579	0.0011163770	165.07110	0.0060579958	2306.4876	2426.2200	4.9553777	4.1931306	40.729221	387.80109	5.6220916	2.7032412e-05	0.23695065
364.91419	19.801000	496.35975	0.0020146678	1776.8182	1816.7107	3.9997825	3.4755450	21.243600	423.54946	1.7690778	5.6878035e-05	0.43243831	0.0010929879	165.88877	0.0060281357	2304.7585	2424.1216	4.9517415	4.2005757	41.409694	387.24656	5.6054738	2.7087659e-05	0.23892859
365.06857	19.837650	495.24197	0.0020192150	1778.5645	1818.6210	4.0026602	3.4830880	21.543602	421.73712	1.7827755	5.6758341e-05	0.43235294	0.0010697347	166.71567	0.0059982364	2303.0114	2422.0023	4.9480751	4.2081316	42.113735	386.68615	5.5887611	2.7143644e-05	0.24094781
365.22269	19.874300	494.11590	0.0020238167	1780.3198	1820.5418	4.0055534	3.4907620	21.853303	419.92610	1.7966137	5.6637971e-05	0.43228033	0.0010466184	167.55206	0.0059682942	2301.2458	2419.8614	4.9443775	4.2158027	42.842597	386.11968	5.5719500	2.7200392e-05	0.24300988
365.37654	19.910950	492.98132	0.0020284744	1782.0845	1822.4733	4.0084625	3.4985691	22.173256	418.11635	1.8105961	5.6516912e-05	0.43222115	0.0010236396	168.39823	0.0059383049	2299.4611	2417.6984	4.9406478	4.2235933	43.597621	385.54693	5.5550367	2.7257926e-05	0.24511650
365.53013	19.947600	491.83803	0.0020331897	1783.8588	1824.4160	4.0113880	3.5065118	22.504064	416.30783	1.8247270	5.6395146e-05	0.43217615	0.0010007995	169.25445	0.0059082643	2297.6569	2415.5126	4.9368851	4.2315083	44.380245	384.96770	5.5380176	2.7316273e-05	0.24726944
365.68345	19.984250	490.68580	0.0020379640	1785.6430	1826.3702	4.0143305	3.5145924	22.846384	414.50043	1.8390109	5.6272656e-05	0.43214612	0.00097809885	170.12103	0.0058781682	2295.8325	2413.3033	4.9330882	4.2395526	45.192016	384.38177	5.5208886	2.7375460e-05	0.24947057
365.83650	20.020900	489.52439	0.0020427991	1787.4374	1828.3361	4.0172905	3.5228137	23.200928	412.69400	1.8534526	5.6149423e-05	0.43213192	0.00095553873	170.99828	0.0058480119	2293.9874	2411.0698	4.9292561	4.2477313	46.034594	383.78889	5.5036455	2.7435515e-05	0.25172191
365.98930	20.057550	488.35353	0.0020476969	1789.2424	1830.3142	4.0202685	3.5311786	23.568474	410.88837	1.8680577	5.6025427e-05	0.43213449	0.00093312015	171.88655	0.0058177907	2292.1208	2408.8115	4.9253877	4.2560502	46.909766	383.18882	5.4862839	2.7496468e-05	0.25402555
366.14182	20.094200	487.17294	0.0020526591	1791.0583	1832.3049	4.0232652	3.5396902	23.949871	409.08329	1.8828319	5.5900646e-05	0.43215483	0.00091084417	172.78619	0.0057874997	2290.2322	2406.5274	4.9214818	4.2645151	47.819462	382.58129	5.4687993	2.7558352e-05	0.25638376
366.29408	20.130850	485.98233	0.0020576880	1792.8856	1834.3086	4.0262813	3.5483521	24.346046	407.27848	1.8977816	5.5775056e-05	0.43219404	0.00088871189	173.69755	0.0057571336	2288.3208	2404.2168	4.9175371	4.2731321	48.765760	381.96603	5.4511868	2.7621200e-05	0.25879893
366.44608	20.167500	484.78135	0.0020627856	1794.7245	1836.3257	4.0293174	3.5571680	24.758014	405.47360	1.9129136	5.5648633e-05	0.43225330	0.00086672447	174.62103	0.0057266870	2286.3859	2401.8789	4.9135523	4.2819079	49.750909	381.34274	5.4334415	2.7685048e-05	0.26127360
366.59781	20.204150	483.56966	0.0020679544	1796.5756	1838.3569	4.0323744	3.5661423	25.186885	403.66824	1.9282356	5.5521349e-05	0.43233389	0.00084488309	175.55705	0.0056961542	2284.4268	2399.5127	4.9095260	4.2908494	50.777345	380.71110	5.4155579	2.7749934e-05	0.26381050
366.74927	20.240800	482.34689	0.0020731968	1798.4394	1840.4025	4.0354530	3.5752796	25.633877	401.86193	1.9437555	5.5393175e-05	0.43243719	0.00082318900	176.50602	0.0056655293	2282.4425	2397.1174	4.9054568	4.2999640	51.847704	380.07080	5.3975307	2.7815897e-05	0.26641251
366.90047	20.277450	481.11260	0.0020785155	1800.3163	1842.4633	4.0385541	3.5845853	26.100327	400.05412	1.9594822	5.5264078e-05	0.43256471	0.00080164347	177.46840	0.0056348060	2280.4323	2394.6918	4.9013431	4.3092596	52.964853	379.42147	5.3793539	2.7882981e-05	0.26908274
367.05140	20.314100	479.86637	0.0020839135	1802.2069	1844.5397	4.0416787	3.5940652	26.587706	398.24421	1.9754252	5.5134026e-05	0.43271807	0.00078024786	178.44468	0.0056039776	2278.3952	2392.2350	4.8971834	4.3187445	54.131905	378.76275	5.3610214	2.7951230e-05	0.27182449
367.20207	20.350750	478.60770	0.0020893939	1804.1118	1846.6325	4.0448279	3.6037258	27.097633	396.43147	1.9915946	5.5002980e-05	0.43289904	0.00075900355	179.43536	0.0055730374	2276.3303	2389.7458	4.8929758	4.3284277	55.352256	378.09424	5.3425268	2.8020694e-05	0.27464133
367.35247	20.387400	477.33608	0.0020949600	1806.0316	1848.7424	4.0480026	3.6135746	27.631891	394.61514	2.0080017	5.4870902e-05	0.43310954	0.00073791200	180.44099	0.0055419780	2274.2366	2387.2231	4.8887187	4.3383185	56.629608	377.41551	5.3238633	2.8091422e-05	0.27753704
367.50261	20.424050	476.05093	0.0021006156	1807.9671	1850.8701	4.0512042	3.6236198	28.192453	392.79431	2.0246582	5.4737748e-05	0.43335164	0.00071697471	181.46213	0.0055107918	2272.1129	2384.6656	4.8844100	4.3484272	57.968009	376.72612	5.3050237	2.8163471e-05	0.28051574
367.65248	20.460700	474.75166	0.0021063644	1809.9189	1853.0166	4.0544339	3.6338708	28.781499	390.96801	2.0415771	5.4603472e-05	0.43362761	0.00069619327	182.49938	0.0054794705	2269.9582	2382.0720	4.8800478	4.3587644	59.371893	376.02559	5.2860006	2.8236899e-05	0.28358180
367.80208	20.497350	473.43758	0.0021122109	1811.8879	1855.1826	4.0576931	3.6443380	29.401447	389.13513	2.0587722	5.4468025e-05	0.43393989	0.00067556932	183.55340	0.0054480058	2267.7712	2379.4409	4.8756299	4.3693418	60.846125	375.31340	5.2667858	2.8311769e-05	0.28673998
367.95142	20.534000	472.10797	0.0021181595	1813.8750	1857.3693	4.0609833	3.6550333	30.054979	387.29447	2.0762585	5.4331351e-05	0.43429117	0.00065510458	184.62487	0.0054163885	2265.5507	2376.7708	4.8711540	4.3801716	62.396057	374.58900	5.2473712	2.8388148e-05	0.28999539
368.10049	20.570650	470.76205	0.0021242154	1815.8811	1859.5775	4.0643062	3.6659700	30.745081	385.44469	2.0940519	5.4193395e-05	0.43468434	0.00063480083	185.71450	0.0053846091	2263.2953	2374.0602	4.8666177	4.3912671	64.027584	373.85181	5.2277476	2.8466108e-05	0.29335356
368.24929	20.607300	469.39897	0.0021303839	1817.9072	1861.8086	4.0676635	3.6771630	31.475082	383.58432	2.1121698	5.4054092e-05	0.43512257	0.00061465996	186.82309	0.0053526573	2261.0035	2371.3074	4.8620185	4.4026426	65.747220	373.10119	5.2079059	2.8545728e-05	0.29682049
368.39782	20.643950	468.01779	0.0021366709	1819.9544	1864.0637	4.0710571	3.6886294	32.248702	381.71173	2.1306307	5.3913375e-05	0.43560931	0.00059468391	187.95147	0.0053205224	2258.6739	2368.5105	4.8573535	4.4143133	67.562174	372.33646	5.1878359	2.8627090e-05	0.30040267
368.54609	20.680600	466.61750	0.0021430829	1822.0240	1866.3442	4.0744891	3.7003883	33.070107	379.82516	2.1494546	5.3771173e-05	0.43614834	0.00057487475	189.10051	0.0052881930	2256.3047	2365.6677	4.8526199	4.4262956	69.480449	371.55688	5.1675272	2.8710286e-05	0.30410716
368.69409	20.717250	465.19701	0.0021496269	1824.1172	1868.6515	4.0779618	3.7124612	33.943976	377.92267	2.1686629	5.3627405e-05	0.43674377	0.00055523463	190.27118	0.0052556567	2253.8942	2362.7770	4.8478145	4.4386073	71.510949	370.76168	5.1469686	2.8795413e-05	0.30794168
368.84183	20.753900	463.75510	0.0021563105	1826.2355	1870.9873	4.0814776	3.7248727	34.875579	376.00212	2.1882789	5.3481989e-05	0.43740012	0.00053576581	191.46449	0.0052229006	2251.4405	2359.8361	4.8429339	4.4512676	73.663608	369.94999	5.1261481	2.8882578e-05	0.31191461
368.98929	20.790550	462.29047	0.0021631421	1828.3804	1873.3533	4.0850393	3.7376503	35.870865	374.06121	2.2083273	5.3334833e-05	0.43812235	0.00051647065	192.68154	0.0051899107	2248.9416	2356.8427	4.8379747	4.4642972	75.949543	369.12089	5.1050532	2.8971894e-05	0.31603517
369.13649	20.827200	460.80168	0.0021701310	1830.5536	1875.7514	4.0886497	3.7508253	36.936573	372.09740	2.2288350	5.3185839e-05	0.43891589	0.00049735165	193.92352	0.0051566721	2246.3953	2353.7944	4.8329328	4.4777185	78.381228	368.27337	5.0836704	2.9063488e-05	0.32031341
369.28342	20.863850	459.28718	0.0021772870	1832.7570	1878.1836	4.0923121	3.7644334	38.080358	370.10791	2.2498309	5.3034901e-05	0.43978675	0.00047841144	195.19170	0.0051231687	2243.7993	2350.6883	4.8278042	4.4915560	80.972711	367.40635	5.0619853	2.9157495e-05	0.32476045
369.43008	20.900500	457.74523	0.0021846214	1834.9925	1880.6522	4.0960299	3.7785147	39.310952	368.08974	2.2713461	5.2881906e-05	0.44074153	0.00045965280	196.48745	0.0050893835	2241.1511	2347.5217	4.8225844	4.5058364	83.739857	366.51863	5.0399827	2.9254065e-05	0.32938849
369.57647	20.937150	456.17396	0.0021921462	1837.2625	1883.1598	4.0998069	3.7931149	40.638340	366.03959	2.2934143	5.2726730e-05	0.44178755	0.00044107864	197.81228	0.0050552980	2238.4479	2344.2914	4.8172686	4.5205885	86.700656	365.60891	5.0176462	2.9353360e-05	0.33421106
369.72260	20.973800	454.57132	0.0021998748	1839.5692	1885.7089	4.1036474	3.8082861	42.073993	363.95387	2.3160719	5.2569241e-05	0.44293295	0.00042269208	199.16780	0.0050208920	2235.6868	2340.9940	4.8118515	4.5358440	89.875577	364.67577	4.9949582	2.9455561e-05	0.33924314
369.86845	21.010450	452.93503	0.0022078222	1841.9154	1888.3027	4.1075560	3.8240876	43.631137	361.82866	2.3393581	5.2409296e-05	0.44418676	0.00040449639	200.55577	0.0049861442	2232.8646	2337.6257	4.8063275	4.5516379	93.288009	363.71765	4.9719002	2.9560863e-05	0.34450140
370.01404	21.047100	451.26260	0.0022160046	1844.3039	1890.9444	4.1115377	3.8405869	45.325083	359.65969	2.3633157	5.2246741e-05	0.44555908	0.00038649506	201.97814	0.0049510310	2229.9778	2334.1826	4.8006905	4.5680082	96.964788	362.73283	4.9484518	2.9669486e-05	0.35000444
370.15936	21.083750	449.55129	0.0022244403	1846.7380	1893.6375	4.1155981	3.8578614	47.173639	357.44229	2.3879906	5.2081410e-05	0.44706121	0.00036869181	203.43699	0.0049155270	2227.0227	2330.6604	4.7949336	4.5849972	100.93685	361.71940	4.9245916	2.9781670e-05	0.35577312
370.30440	21.120400	447.79805	0.0022331495	1849.2212	1896.3862	4.1197433	3.8759994	49.197613	355.17137	2.4134332	5.1913124e-05	0.44870589	0.00035109059	204.93464	0.0048796045	2223.9951	2327.0543	4.7890496	4.6026513	105.24002	360.67526	4.9002963	2.9897683e-05	0.36183090
370.44919	21.157050	445.99955	0.0022421547	1851.7574	1899.1947	4.1239802	3.8951024	51.421440	352.84141	2.4396976	5.1741688e-05	0.45050748	0.00033369565	206.47364	0.0048432332	2220.8905	2323.3590	4.7830305	4.6210224	109.91604	359.59807	4.8755406	3.0017825e-05	0.36820425
370.59370	21.193700	444.15206	0.0022514812	1854.3509	1902.0681	4.1283163	3.9152870	53.873963	350.44637	2.4668432	5.1566893e-05	0.45248231	0.00031651151	208.05680	0.0048063798	2217.7038	2319.5688	4.7768674	4.6401680	115.01376	358.48521	4.8502974	3.0142430e-05	0.37492325
370.73794	21.230350	442.25147	0.0022611570	1857.0065	1905.0117	4.1327599	3.9366872	56.589428	347.97968	2.4949342	5.1388514e-05	0.45464900	0.00029954308	209.68723	0.0047690077	2214.4297	2315.6774	4.7705506	4.6601526	120.59074	357.33376	4.8245373	3.0271874e-05	0.38202217
370.88192	21.267000	440.29322	0.0022712137	1859.7296	1908.0315	4.1373205	3.9594581	59.608735	345.43422	2.5240405	5.1206306e-05	0.45702891	0.00028279560	211.36839	0.0047310764	2211.0619	2311.6777	4.7640692	4.6810485	126.71529	356.14042	4.7982281	3.0406582e-05	0.38954034
371.02563	21.303650	438.27220	0.0022816870	1862.5262	1911.1344	4.1420083	3.9837784	62.981055	342.80230	2.5542380	5.1020007e-05	0.45964670	0.00026627480	213.10416	0.0046925410	2207.5938	2307.5620	4.7574113	4.7029374	133.46896	354.90146	4.7713349	3.0547034e-05	0.39752312
371.16908	21.340300	436.18277	0.0022926169	1865.4027	1914.3278	4.1468349	4.0098557	66.765920	340.07560	2.5856092	5.0829330e-05	0.46253108	0.00024998686	214.89888	0.0046533513	2204.0177	2303.3216	4.7505634	4.7259120	140.94998	353.61266	4.7438196	3.0693780e-05	0.40602318
371.31225	21.376950	434.01858	0.0023040488	1868.3666	1917.6201	4.1518134	4.0379307	71.035962	337.24525	2.6182434	5.0633970e-05	0.46571567	0.00023393855	216.75747	0.0046134512	2200.3250	2298.9465	4.7435105	4.7500783	149.27767	352.26917	4.7156400	3.0847448e-05	0.41510215
371.45517	21.413600	431.77257	0.0023160341	1871.4262	1921.0209	4.1569583	4.0682832	75.880566	334.30178	2.6522368	5.0433596e-05	0.46924025	0.00021813728	218.68549	0.0045727771	2196.5062	2294.4259	4.7362354	4.7755580	158.59835	350.86541	4.6867497	3.1008764e-05	0.42483268
371.59782	21.450250	429.43681	0.0023286313	1874.5909	1924.5406	4.1622860	4.1012395	81.410784	331.23523	2.6876930	5.0227852e-05	0.47315238	0.00020259124	220.68932	0.0045312568	2192.5504	2289.7470	4.7287189	4.8024924	169.09338	349.39492	4.6570973	3.1178572e-05	0.43530128
371.74020	21.486900	427.00241	0.0023419072	1877.8710	1928.1914	4.1678150	4.1371805	87.766106	328.03528	2.7247222	5.0016358e-05	0.47750957	0.00018730947	222.77630	0.0044888079	2188.4448	2284.8954	4.7209387	4.8310468	180.99031	347.85016	4.6266251	3.1357861e-05	0.44661196
371.88232	21.523550	424.45934	0.0023559382	1881.2785	1931.9867	4.1735661	4.1765515	95.123968	324.69137	2.7634410	4.9798710e-05	0.48238239	0.00017230208	224.95494	0.0044453348	2184.1752	2279.8545	4.7128690	4.8614164	194.57843	346.22221	4.5952682	3.1547799e-05	0.45889127
372.02418	21.560200	421.79632	0.0023708125	1884.8269	1935.9421	4.1795632	4.2198751	103.71343	321.19302	2.8039714	4.9574479e-05	0.48785887	0.00015758044	227.23524	0.0044007259	2179.7243	2274.6049	4.7044800	4.8938351	210.23129	344.50045	4.5629528	3.1749786e-05	0.47229529
372.16578	21.596850	419.00049	0.0023866321	1888.5315	1940.0753	4.1858337	4.2677658	113.83546	317.53008	2.8464386	4.9343222e-05	0.49405096	0.00014315739	229.62906	0.0043548494	2175.0723	2269.1234	4.6957361	4.9285866	228.43974	342.67203	4.5295937	3.1965512e-05	0.48701946
372.30712	21.633500	416.05714	0.0024035160	1892.4102	1944.4067	4.1924090	4.3209503	125.89399	313.69320	2.8909696	4.9104490e-05	0.50110429	0.00012904763	232.15068	0.0043075471	2170.1952	2263.3825	4.6865949	4.9660214	249.86206	340.72123	4.4950915	3.2197056e-05	0.50331303
372.44820	21.670150	412.94922	0.0024216052	1896.4838	1948.9603	4.1993262	4.3802948	140.44526	309.67414	2.9376897	4.8857845e-05	0.50921333	0.00011526812	234.81753	0.0042586259	2165.0636	2257.3487	4.6770046	5.0065807	275.40232	338.62844	4.4593275	3.2447016e-05	0.52150062
372.58901	21.706800	409.65654	0.0024410693	1900.7773	1953.7651	4.2066298	4.4468456	158.27954	305.46609	2.9867214	4.8602894e-05	0.51864576	0.00010183870	237.65131	0.0042078455	2159.6414	2250.9802	4.6669010	5.0508336	306.33759	336.36866	4.4221575	3.2718707e-05	0.54201569
372.72956	21.743450	406.15452	0.0024621172	1905.3215	1958.8564	4.2143742	4.5218937	180.56299	301.06361	3.0381828	4.8339341e-05	0.52978282	8.8782866e-05	240.67973	0.0041548992	2153.8823	2244.2241	4.6562023	5.0995351	344.53394	333.90929	4.3834011	3.3016468e-05	0.56545465
372.86985	21.780100	402.41197	0.0024850156	1910.1558	1964.2797	4.2226297	4.6070846	209.09741	296.46174	3.0921916	4.8067073e-05	0.54318928	7.6128910e-05	243.93905	0.0040993846	2147.7261	2237.0111	4.6448016	5.1537224	392.83282	331.20643	4.3428248	3.3346156e-05	0.59266839
373.00986	21.816750	398.38725	0.0025101205	1915.3333	1970.0959	4.2314903	4.7046195	246.82755	291.65369	3.1488767	4.7786322e-05	0.55974085	6.3911637e-05	247.47858	0.0040407538	2141.0909	2229.2470	4.6325537	5.2148823	455.78883	328.19866	4.3001149	3.3715988e-05	0.62492650
373.14959	21.853400	394.02104	0.0025379355	1920.9300	1976.3925	4.2410906	4.8176413	298.91447	286.62550	3.2084066	4.7497953e-05	0.58087288	5.2174943e-05	251.36827	0.0039782269	2133.8608	2220.7986	4.6192529	5.2852637	541.19732	324.79578	4.2548286	3.4138075e-05	0.66423371
373.28903	21.890050	389.22224	0.0025692262	1927.0629	1983.3034	4.2516378	4.9510359	375.25877	281.34478	3.2710496	4.7204086e-05	0.60911294	4.0976106e-05	255.71344	0.0039106275	2125.8615	2211.4653	4.6045897	5.3685146	663.60967	320.85650	4.2063022	3.4631456e-05	0.71399924
373.42816	21.926700	383.83765	0.0026052681	1933.9290	1991.0540	4.2634794	5.1132671	497.35993	275.73563	3.3373033	4.6909617e-05	0.64937861	3.0393426e-05	260.68587	0.0038360345	2116.8094	2200.9210	4.5880604	5.4711475	853.67188	316.13904	4.1534588	3.5228833e-05	0.78064369
373.56696	21.963350	377.57675	0.0026484681	1941.9020	2000.0712	4.2772752	5.3213169	721.41466	269.61359	3.4082019	4.6626769e-05	0.71279711	2.0541588e-05	266.60074	0.0037509273	2106.1857	2188.5686	4.5687433	5.6065594	1188.7280	310.17151	4.0943456	3.5994210e-05	0.87823383
373.70540	22.000000	369.77257	0.0027043650	1951.8431	2011.3391	4.2945449	5.6182528	1249.2376	262.45926	3.4862457	4.6393173e-05	0.83197952	1.1608589e-05	274.16040	0.0036474997	2092.8413	2173.0863	4.5445964	5.8097425	1934.6354	301.80626	4.0247203	3.7083040e-05	1.0465103
